122,0,1,35.851,0,77,3,55.06,4.78,14.77,0,0,1.254,
154,0,1,57.5916,0,6,0,50.298,4.37,7.86,0,0,1.631,
301,0,3,44.3724,0,17,20,9.492,4.55,14.31,0,0,-0.047,
355,0,4,30.1224,0,10,30,34.18,4.99,2.03,0,0,1.619,
443,0,5,20.1458,0,5,42,28.197,4.61,25.38,0,0,1.029,
677,0,8,23.168,1,29,5,26.981,2.07,33.6,0,0,-0.038,
746,0,9,10.0897,1,59,9,0.785,2.28,59.89,0,0,0.38,
765,0,9,24.5399,0,45,44,49.158,3.88,23.28,0,0,1.013,
910,0,11,15.9082,0,15,28,2.362,4.89,52.94,0,0,0.487,
1067,0,13,14.15,1,15,11,1.017,2.83,9.79,0,0,-0.19,
1168,0,14,36.1081,1,20,12,24.11,4.79,10.01,0,0,1.572,
1170,0,14,38.4327,0,18,55,57.671,4.44,6.62,0,0,1.64,
1366,0,17,5.5356,1,38,40,54.045,4.61,12.88,0,0,0.059,
1473,0,18,19.7053,1,36,47,7.178,4.51,23.11,0,0,0.054,
1562,0,19,25.683,0,8,49,25.786,3.56,11.26,0,0,1.214,
1599,0,20,1.9142,0,64,52,39.444,4.23,116.38,0,0,0.576,
2021,0,25,39.202,0,77,15,18.126,2.82,133.78,0,0,0.618,
2072,0,26,12.1162,0,43,40,47.674,3.93,42.51,0,0,0.175,
2081,0,26,16.8674,0,42,18,18.439,2.4,42.14,0,0,1.083,
2210,0,27,55.7127,0,33,0,25.361,4.86,5.95,0,0,1.634,
2472,0,31,24.8561,0,48,48,12.822,4.76,18.97,0,0,0.018,
2484,0,31,32.5608,0,62,57,29.108,4.36,23.35,0,0,-0.064,
2487,0,31,33.3552,0,62,57,55.619,4.53,18.95,0,0,0.147,
2505,0,31,46.3179,1,54,31,20.369,4.74,9.2,0,0,-0.098,
2599,0,32,59.9865,1,62,55,54.436,4.17,0.79,0,0,0.13,
2912,0,36,52.839,1,33,43,9.668,4.34,4.97,0,0,-0.123,
2920,0,36,58.267,1,53,53,48.954,3.69,5.46,0,0,-0.196,
3031,0,38,33.4993,1,29,18,44.528,4.34,19.34,0,0,0.871,
3092,0,39,19.5974,1,30,51,40.413,3.27,32.19,0,0,1.268,
3179,0,40,30.3872,1,56,32,14.673,2.24,14.27,0,0,1.17,
3245,0,41,19.576,0,46,5,6.034,4.59,13.19,0,0,0.953,
3300,0,42,3.8842,1,50,30,45.149,4.8,2.94,0,0,-0.105,
3405,0,43,21.244,0,57,27,47.151,4.36,13.57,0,0,0.024,
3414,0,43,28.0907,1,47,1,28.692,4.95,18.71,0,0,0.17,
3419,0,43,35.2283,0,17,59,12.063,2.04,34.04,0,0,1.019,
3455,0,44,11.4055,0,10,36,33.385,4.77,15.54,0,0,0.998,
3504,0,44,43.5021,1,48,17,3.777,4.48,3.6,0,0,-0.069,
3693,0,47,20.3902,1,24,16,2.557,4.08,17.98,0,0,1.1,
3786,0,48,40.8954,1,7,35,6.727,4.44,10.69,0,0,1.5,
3801,0,48,49.9933,1,50,58,5.49,4.9,8.37,0,0,-0.091,
3821,0,49,5.1006,1,57,48,59.572,3.46,167.99,0,0,0.587,
3881,0,49,48.8297,1,41,4,44.237,4.53,4.8,0,0,-0.136,
4147,0,53,0.4905,0,1,8,39.194,4.78,6.28,0,0,1.55,
4151,0,53,4.2793,1,61,7,24.806,4.8,53.85,0,0,0.54,
4292,0,55,0.193,1,58,58,22.068,4.83,8.02,0,0,1.216,
4422,0,56,40.0105,1,59,10,52.197,4.62,15.84,0,0,0.957,
4427,0,56,42.5011,1,60,43,0.299,2.15,5.32,0,0,-0.046,
4436,0,56,45.0977,1,38,29,57.318,3.86,23.93,0,0,0.13,
4463,0,57,12.4278,1,23,25,3.936,4.4,13.44,0,0,0.94,
4577,0,58,36.3459,0,29,21,26.872,4.3,4.85,0,0,-0.154,
4906,1,2,56.6559,1,7,53,24.261,4.27,17.14,0,0,0.952,
5165,1,6,5.1065,0,46,43,6.566,3.32,16.46,0,0,0.885,
5348,1,8,23.0601,0,55,14,44.996,3.94,11.66,0,0,-0.12,
5364,1,8,35.2637,0,10,10,54.941,3.46,27.73,0,0,1.161,
5372,1,8,44.1594,1,86,15,25.625,4.24,10.43,0,0,1.213,
5434,1,9,30.1222,1,47,14,30.567,4.26,4.43,0,0,0.012,
5447,1,9,43.7976,1,35,37,14.99,2.07,16.36,0,0,1.576,
5542,1,11,5.9307,1,55,8,59.812,4.34,23.73,0,0,0.17,
5571,1,11,27.1942,1,21,2,4.832,4.66,7.42,0,0,1.024,
5586,1,11,39.5867,1,30,5,23.027,4.51,20.11,0,0,1.092,
5742,1,13,44.9352,1,24,35,1.553,4.67,8.64,0,0,1.047,
5862,1,15,10.5677,0,45,31,55.55,4.97,66.43,0,0,0.571,
5896,1,15,45.4953,0,68,52,34.453,4.25,48.94,0,0,0.48,
6193,1,19,27.9779,1,27,15,50.713,4.74,10.49,0,0,0.032,
6242,1,20,4.9177,1,58,13,53.818,4.95,1.4,0,0,0.683,
6411,1,22,20.393,1,45,31,43.524,4.87,16.68,0,0,1.077,
6537,1,24,1.4512,0,8,10,57.913,3.6,28.48,0,0,1.065,
6670,1,25,37.2093,0,14,35,55.516,4.9,11.31,0,0,1.231,
6686,1,25,48.603,1,60,14,7.452,2.66,32.81,0,0,0.16,
6692,1,25,55.9042,1,68,7,47.811,4.72,16.89,0,0,1.047,
6813,1,27,39.0851,1,45,24,25.03,4.83,35.33,0,0,0.421,
6867,1,28,21.9417,0,43,19,3.825,3.41,13.94,0,0,1.542,
7007,1,30,10.943,1,6,8,38.159,4.84,9.05,0,0,1.372,
7083,1,31,14.9815,0,49,4,23.077,3.93,22.15,0,0,0.972,
7097,1,31,28.9939,1,15,20,44.992,3.62,11.09,0,0,0.974,
7294,1,33,55.926,1,59,13,55.548,4.68,15.96,0,0,0.991,
7513,1,36,47.977,1,41,24,22.986,4.1,74.25,0,0,0.536,
7588,1,37,42.7517,0,57,14,11.976,0.45,22.68,0,0,-0.158,
7607,1,37,59.5024,1,48,37,42.551,3.59,18.76,0,0,1.275,
7818,1,40,34.8042,1,40,34,37.582,4.96,4.79,0,0,-0.068,
7884,1,41,25.9076,1,5,29,15.376,4.45,8.86,0,0,1.347,
7918,1,41,46.5157,1,42,36,49.705,4.96,79.09,0,0,0.618,
7999,1,42,43.5169,0,3,41,24.421,4.98,2.71,0,0,1.378,
8068,1,43,39.6153,1,50,41,19.556,4.01,4.55,0,0,-0.098,
8102,1,44,5.1275,0,15,56,22.401,3.49,274.17,0,0,0.727,
8198,1,45,23.5887,1,9,9,27.508,4.26,12.63,0,0,0.942,
8497,1,49,35.1911,0,10,41,10.251,4.66,42.35,0,0,0.333,
8645,1,51,27.6106,0,10,20,5.803,3.74,12.59,0,0,1.136,
8796,1,53,4.8998,1,29,34,45.83,3.42,50.87,0,0,0.488,
8832,1,53,31.7652,1,19,17,38.734,3.88,15.96,0,0,-0.047,
8833,1,53,33.3366,1,3,11,14.922,4.61,17.11,0,0,0.928,
8837,1,53,38.8197,0,46,18,8.807,4.39,10.15,0,0,1.597,
8886,1,54,23.6835,1,63,40,12.529,3.35,7.38,0,0,-0.15,
8903,1,54,38.3491,1,20,48,29.878,2.64,54.74,0,0,0.165,
8928,1,54,56.0148,0,67,38,50.932,4.68,15.04,0,0,0.931,
9007,1,55,56.8325,0,51,36,34.512,3.69,57.19,0,0,0.844,
9009,1,56,0.0038,1,68,41,6.956,4.97,4.65,0,0,-0.084,
9061,1,56,40.1587,0,22,31,36.162,4.92,8.18,0,0,1.434,
9095,1,57,9.9929,0,47,23,7.075,4.82,12.22,0,0,0.864,
9153,1,57,55.7754,1,23,35,45.946,4.79,24.49,0,0,0.29,
9236,1,58,45.8718,0,61,34,11.728,2.86,45.74,0,0,0.29,
9347,2,0,0.2248,0,21,4,39.979,3.99,10.84,0,0,1.554,
9480,2,1,57.5498,1,70,54,25.366,4.49,27.91,0,0,0.164,
9487,2,2,2.8006,1,2,45,49.538,3.82,23.45,0,0,0.024,
9505,2,2,18.0742,1,54,29,15.178,4.99,4.41,0,0,-0.071,
9598,2,3,26.1903,1,72,25,16.463,3.95,20.12,0,0,-0.002,
9640,2,3,53.9191,1,42,19,47.454,2.1,9.19,0,0,1.37,
9677,2,4,29.4301,0,29,17,48.623,4.68,9.03,0,0,-0.156,
9884,2,7,10.2858,1,23,27,45.999,2.01,49.48,0,0,1.151,
9977,2,8,29.1458,1,37,51,33.06,4.78,16.48,0,0,0.12,
10053,2,9,25.2861,1,25,56,23.902,4.98,10.19,0,0,0.339,
10064,2,9,32.5209,1,34,59,14.611,3,26.24,0,0,0.14,
10280,2,12,22.3239,1,30,18,11.574,4.94,10.68,0,0,0.77,
10324,2,13,0.011,1,8,50,48.308,4.36,9.01,0,0,0.878,
10340,2,13,13.3408,1,44,13,54.081,4.84,5.86,0,0,1.476,
10602,2,16,30.5003,0,51,30,43.601,3.56,21.06,0,0,-0.12,
10644,2,17,2.4176,1,34,13,29.387,4.84,92.2,0,0,0.607,
10670,2,17,18.8357,1,33,50,50.356,4.03,27.73,0,0,0.019,
11001,2,21,45.023,0,68,39,33.926,4.08,24.1,0,0,0.034,
11313,2,25,37.401,1,50,16,43.197,4.73,9.46,0,0,1.532,
11345,2,25,57.0123,0,12,17,25.627,4.88,6.17,0,0,-0.027,
11407,2,26,59.105,0,47,42,13.777,4.24,6.17,0,0,-0.136,
11484,2,28,9.5179,1,8,27,36.319,4.3,18.53,0,0,-0.053,
11569,2,29,3.9882,1,67,24,8.582,4.46,23.04,0,0,0.153,
11767,2,31,47.0753,1,89,15,50.897,1.97,7.56,0,0,0.636,
11783,2,32,5.2772,0,15,14,39.552,4.74,38.73,0,0,0.454,
11918,2,33,50.7124,0,28,13,56.424,4.96,7.19,0,0,-0.05,
12093,2,35,52.489,1,5,35,35.886,4.87,8.77,0,0,0.88,
12387,2,39,28.9483,1,0,19,42.66,4.08,5.04,0,0,-0.212,
12390,2,39,33.7317,0,11,52,17.694,4.83,36.99,0,0,0.447,
12394,2,39,35.2237,0,68,16,1.011,4.12,21.27,0,0,-0.061,
12413,2,39,47.9193,0,42,53,29.88,4.74,25.15,0,0,0.061,
12486,2,40,39.9317,0,39,51,19.113,4.11,22.42,0,0,1.006,
12623,2,42,14.9288,1,40,11,39.793,4.91,40.52,0,0,0.582,
12706,2,43,18.1246,1,3,14,10.218,3.47,39.78,0,0,0.093,
12719,2,43,27.1105,1,27,42,25.815,4.65,8.82,0,0,-0.122,
12770,2,44,7.3545,0,13,51,31.233,4.24,7.4,0,0,-0.122,
12777,2,44,11.688,1,49,13,43.199,4.1,89.03,0,0,0.514,
12828,2,44,56.3734,1,10,6,51.191,4.27,38.71,0,0,0.311,
12843,2,45,5.9815,0,18,34,21.543,4.47,71.56,0,0,0.481,
12876,2,45,32.5326,0,67,37,0.206,4.83,11.06,0,0,0.058,
13061,2,47,54.4415,1,29,14,50.726,4.52,18.06,0,0,1.112,
13147,2,49,5.3595,0,32,24,22.623,4.45,19.31,0,0,0.981,
13209,2,49,58.9894,1,27,15,38.846,3.61,20.45,0,0,-0.1,
13244,2,50,28.5368,0,75,4,0.772,4.76,9.92,0,0,1.337,
13254,2,50,34.9142,1,38,19,8.07,4.22,25.54,0,0,0.343,
13268,2,50,41.7928,1,55,53,43.906,3.77,2.45,0,0,1.69,
13288,2,51,2.3459,0,21,0,14.324,4.76,17.85,0,0,0.906,
13328,2,51,30.8309,1,35,3,35.619,4.56,7.97,0,0,1.554,
13531,2,54,15.4625,1,52,45,44.964,3.93,13.15,0,0,0.758,
13701,2,56,25.6038,0,8,53,51.395,3.89,24.49,0,0,1.088,
13847,2,58,15.7156,0,40,18,17.046,2.88,20.22,0,0,0.128,
13879,2,58,45.6505,1,39,39,46.179,4.68,10.02,0,0,0.065,
13884,2,58,47.766,0,64,4,16.67,4.98,10.4,0,0,0.126,
13905,2,59,3.7098,1,35,10,59.211,4.94,9.31,0,0,1.235,
13914,2,59,12.7339,1,21,20,25.601,4.63,11.15,0,0,0.048,
13954,2,59,42.8963,1,8,54,26.644,4.71,7.69,0,0,-0.109,
14135,3,2,16.7791,1,4,5,23.731,2.54,14.82,0,0,1.63,
14146,3,2,23.5931,0,23,37,27.61,4.08,37.85,0,0,0.163,
14328,3,4,47.7902,1,53,30,23.221,2.91,12.72,0,0,0.716,
14354,3,5,10.497,1,38,50,25.919,3.32,10.03,0,0,1.528,
14382,3,5,32.4257,1,56,42,19.973,4.77,15.95,0,0,1.018,
14576,3,8,10.1297,1,40,57,20.344,2.09,35.14,0,0,-0.003,
14632,3,9,2.8833,1,49,36,48.6,4.05,94.93,0,0,0.595,
14668,3,9,29.6291,1,44,51,28.4,3.79,29.05,0,0,0.98,
14817,3,11,17.4015,1,39,36,41.655,4.61,10.69,0,0,1.115,
14838,3,11,37.6697,1,19,43,36.112,4.35,19.44,0,0,1.033,
14862,3,11,56.2385,1,74,23,37.928,4.85,20.15,0,0,0.035,
14879,3,12,4.28,0,28,59,20.782,3.8,70.86,0,0,0.543,
15110,3,14,54.1148,1,21,2,40.663,4.87,9.59,0,0,-0.007,
15197,3,15,50.0268,0,8,49,11.426,4.8,27.18,0,0,0.232,
15382,3,18,22.0956,0,22,30,40.139,4.86,12.79,0,0,0.904,
15416,3,18,43.8239,1,34,13,21.625,4.85,2.21,0,0,1.491,
15457,3,19,21.5389,1,3,22,11.894,4.84,109.18,0,0,0.681,
15474,3,19,30.9697,0,21,45,28.592,3.7,12.63,0,0,1.614,
15510,3,19,53.2248,0,43,4,17.577,4.26,165.02,0,0,0.711,
15520,3,19,59.2568,1,65,39,8.378,4.74,4.07,0,0,-0.108,
15549,3,20,20.3663,1,29,2,54.594,4.47,5.09,0,0,1.555,
15648,3,21,26.6071,1,43,19,46.746,4.96,21,0,0,0.051,
15863,3,24,19.3485,1,49,51,40.474,1.79,5.51,0,0,0.481,
15900,3,24,48.8376,1,9,1,44.634,3.61,15.42,0,0,0.887,
16083,3,27,10.1209,1,9,43,57.981,3.73,14.68,0,0,-0.082,
16147,3,28,3.0501,1,49,3,46.553,4.99,5.72,0,0,-0.091,
16228,3,29,4.1344,1,59,56,25.205,4.21,0.76,0,0,0.419,
16244,3,29,22.0303,1,49,30,32.469,4.67,5.84,0,0,-0.096,
16245,3,29,22.1864,0,62,56,18.364,4.71,46.65,0,0,0.41,
16281,3,29,54.746,1,58,52,43.509,4.55,1.32,0,0,0.489,
16335,3,30,34.4822,1,47,59,42.619,4.36,9.23,0,0,1.367,
16341,3,30,37.0499,0,5,4,30.588,4.74,8.57,0,0,-0.092,
16369,3,30,52.367,1,12,56,12.055,4.14,9.05,0,0,1.112,
16537,3,32,56.4216,0,9,27,29.901,3.72,310.75,0,0,0.881,
16611,3,33,47.2479,0,21,37,58.137,4.26,11.02,0,0,-0.106,
16826,3,36,29.3601,1,48,11,33.722,4.32,4.66,0,0,-0.058,
16852,3,36,52.519,1,0,24,10.199,4.29,72.89,0,0,0.575,
16870,3,37,5.6781,0,40,16,28.239,4.57,14.88,0,0,1.023,
17304,3,42,14.8991,0,31,56,18.225,4.99,4.45,0,0,-0.159,
17313,3,42,22.6435,1,33,57,54.14,4.97,3.53,0,0,-0.048,
17351,3,42,50.122,0,37,18,48.041,4.59,18.34,0,0,1.191,
17358,3,42,55.4821,1,47,47,15.552,3.01,6.18,0,0,-0.125,
17378,3,43,14.9561,0,9,45,54.715,3.52,110.58,0,0,0.915,
17440,3,44,11.5549,0,64,48,25.538,3.84,32.71,0,0,1.133,
17448,3,44,19.1264,1,32,17,17.784,3.84,2.21,0,0,0.022,
17499,3,44,52.5235,1,24,6,48.414,3.72,8.8,0,0,-0.105,
17529,3,45,11.6434,1,42,34,42.76,3.77,5.86,0,0,0.425,
17531,3,45,12.4821,1,24,28,2.564,4.3,8.75,0,0,-0.11,
17573,3,45,49.5931,1,24,22,4.289,3.87,9.06,0,0,-0.063,
17587,3,46,2.3326,1,63,20,42.244,4.78,4.08,0,0,0.747,
17593,3,46,8.5024,0,12,6,6.247,4.43,6.56,0,0,1.604,
17608,3,46,19.5603,1,23,56,54.463,4.14,9.08,0,0,-0.051,
17651,3,46,50.989,0,23,14,54.377,4.22,55.79,0,0,0.434,
17678,3,47,14.2315,0,74,14,21.273,3.26,15.23,0,0,1.59,
17702,3,47,29.0642,1,24,6,18.871,2.85,8.87,0,0,-0.086,
17797,3,48,35.8229,0,37,37,12.464,4.3,20.23,0,0,-0.038,
17847,3,49,9.7312,1,24,3,12.687,3.62,8.57,0,0,-0.07,
17874,3,49,27.2809,0,36,12,0.405,4.17,15.54,0,0,0.927,
17884,3,49,31.2854,1,65,31,33.623,4.39,3.38,0,0,1.87,
17959,3,50,21.4758,1,71,19,56.524,4.59,9.73,0,0,0.064,
18216,3,53,42.683,0,24,36,43.965,4.64,8.46,0,0,-0.136,
18246,3,54,7.9185,1,31,53,1.168,2.84,3.32,0,0,0.271,
18255,3,54,17.4866,0,2,57,17.041,4.46,9.46,0,0,0.672,
18488,3,57,8.2927,1,61,6,32.101,4.99,1.76,0,0,1.435,
18505,3,57,25.4355,1,63,4,20.098,4.95,9.65,0,0,-0.074,
18532,3,57,51.2211,1,40,0,36.983,2.9,6.06,0,0,-0.199,
18543,3,58,1.7301,0,13,30,29.681,2.97,14.75,0,0,1.588,
18597,3,58,44.7375,0,61,24,0.542,4.56,6.15,0,0,1.59,
18614,3,58,57.8997,1,35,47,27.697,3.98,1.84,0,0,0.016,
18673,3,59,55.4761,0,24,0,58.524,4.62,9.85,0,0,-0.121,
18724,4,0,40.8206,1,12,29,25.353,3.41,8.81,0,0,-0.099,
18744,4,0,53.805,0,62,9,33.729,4.48,6.65,0,0,1.5,
18772,4,1,18.0711,0,61,4,44.585,4.97,9.85,0,0,1.386,
18907,4,3,9.3768,1,5,59,21.513,3.91,25.24,0,0,0.032,
19038,4,4,41.6579,1,22,4,55.444,4.36,18.04,0,0,1.064,
19167,4,6,35.0553,1,50,21,4.861,4.25,9.41,0,0,-0.011,
19343,4,8,39.6733,1,47,42,45.337,3.96,5.89,0,0,-0.025,
19515,4,10,50.433,0,41,59,37.468,4.93,18.61,0,0,0.334,
19587,4,11,51.9332,0,6,50,16.003,4.04,25.98,0,0,0.327,
19740,4,13,56.3909,1,9,15,50.034,4.84,8.78,0,0,0.799,
19747,4,14,0.0813,0,42,17,37.943,3.85,27.85,0,0,1.085,
19777,4,14,23.6932,0,10,15,21.2,4.87,15.8,0,0,1.156,
19780,4,14,25.4311,0,62,28,26.324,3.33,19.98,0,0,0.915,
19811,4,14,53.3102,1,40,29,1.406,4.67,5.2,0,0,1.007,
19812,4,14,53.8577,1,48,24,33.743,4.12,4.51,0,0,0.935,
19849,4,15,17.6382,0,7,38,40.41,4.43,198.24,0,0,0.82,
19860,4,15,32.0452,1,8,53,32.676,4.27,7.5,0,0,-0.054,
19893,4,16,1.4914,0,51,29,13.545,4.26,49.26,0,0,0.312,
19921,4,16,29.0835,0,59,18,6.294,4.44,54.84,0,0,1.078,
19990,4,17,15.6862,1,20,34,43.465,4.93,34.87,0,0,0.259,
20042,4,17,53.6186,0,33,47,53.993,3.55,18.27,0,0,-0.108,
20070,4,18,14.5755,1,50,17,44.302,4.6,10.25,0,0,0.043,
20205,4,19,47.5339,1,15,37,39.721,3.65,21.17,0,0,0.981,
20250,4,20,21.2348,1,27,21,3.386,4.97,9.53,0,0,1.15,
20252,4,20,24.656,1,34,34,0.272,4.93,14.42,0,0,0.95,
20354,4,21,33.1487,1,46,29,56.266,4.8,7.03,0,0,-0.022,
20455,4,22,56.0273,1,17,32,33.303,3.77,21.29,0,0,0.983,
20535,4,24,2.1654,0,34,1,1.151,3.97,11.95,0,0,1.468,
20542,4,24,5.6938,1,17,26,39.162,4.8,22.36,0,0,0.154,
20635,4,25,22.0988,1,22,17,38.332,4.21,21.27,0,0,0.136,
20648,4,25,29.3174,1,17,55,40.761,4.3,22.05,0,0,0.049,
20711,4,26,18.3948,1,22,48,49.298,4.28,21.07,0,0,0.263,
20713,4,26,20.6717,1,15,37,6.046,4.48,20.86,0,0,0.262,
20732,4,26,36.3768,1,14,42,49.888,4.69,7.17,0,0,0.979,
20877,4,28,26.3651,1,16,21,34.664,4.96,16.78,0,0,1.137,
20885,4,28,34.4323,1,15,57,43.982,3.84,20.66,0,0,0.952,
20889,4,28,36.9333,1,19,10,49.875,3.53,21.04,0,0,1.014,
20894,4,28,39.6749,1,15,52,15.408,3.4,21.89,0,0,0.179,
21029,4,30,33.5691,1,16,11,38.672,4.78,22.54,0,0,0.17,
21139,4,31,52.6695,0,0,2,38.368,4.91,3.93,0,0,1.32,
21248,4,33,30.6295,0,29,45,56.995,4.49,26.22,0,0,0.972,
21273,4,33,50.8552,1,14,50,40.155,4.65,21.39,0,0,0.255,
21281,4,33,59.7184,0,55,2,42.02,3.3,18.56,0,0,-0.079,
21393,4,35,33.0717,0,30,33,44.318,3.81,15.62,0,0,0.957,
21402,4,35,39.2336,1,10,9,39.301,4.25,21.68,0,0,0.184,
21421,4,35,55.2005,1,16,30,35.142,0.87,50.09,0,0,1.538,
21444,4,36,19.1406,0,3,21,8.813,3.93,5.56,0,0,-0.21,
21476,4,36,41.4336,1,41,15,53.477,4.25,5.08,0,0,1.171,
21589,4,38,9.4017,1,12,30,39.147,4.27,21.79,0,0,0.122,
21594,4,38,10.8709,0,14,18,12.913,3.86,29.84,0,0,1.082,
21644,4,38,53.5937,0,12,7,23.082,4.99,14.34,0,0,0.074,
21683,4,39,16.4519,1,15,55,4.887,4.67,20.51,0,0,0.147,
21763,4,40,26.4939,0,19,40,16.525,4.32,9.03,0,0,1.599,
21770,4,40,33.8231,0,41,51,48.853,4.44,49.67,0,0,0.342,
21881,4,42,14.7035,1,22,57,25.112,4.27,8.14,0,0,-0.112,
22109,4,45,30.141,0,3,15,16.649,4.01,6.13,0,0,-0.148,
22449,4,49,50.1382,1,6,57,40.491,3.19,124.6,0,0,0.484,
22453,4,49,54.6665,1,37,29,17.453,4.89,6.18,0,0,1.447,
22509,4,50,36.7223,1,8,54,0.909,4.35,16.84,0,0,0.01,
22549,4,51,12.366,1,5,36,18.365,3.68,2.59,0,0,-0.157,
22667,4,52,31.9637,1,14,15,2.802,4.71,6.02,0,0,1.773,
22678,4,52,37.9992,1,36,42,11.507,4.79,5.81,0,0,1.414,
22701,4,52,53.6804,0,5,27,9.921,4.36,14.39,0,0,0.257,
22783,4,54,3.0106,1,66,20,33.577,4.26,0.47,0,0,-0.008,
22797,4,54,15.0956,1,2,26,26.417,3.71,2.43,0,0,-0.179,
22845,4,54,53.7041,1,10,9,4.122,4.64,27.04,0,0,0.085,
22957,4,56,22.3211,1,13,30,52.479,4.06,19.26,0,0,1.158,
23015,4,56,59.6162,1,33,9,58.087,2.69,6.37,0,0,1.49,
23040,4,57,17.2204,1,53,45,7.498,4.43,8.68,0,0,-0.017,
23123,4,58,32.9029,1,1,42,50.526,4.47,3.42,0,0,1.369,
23179,4,59,15.3754,1,37,53,25.737,4.93,20.5,0,0,0.037,
23231,4,59,55.7131,0,12,32,13.936,4.78,11.21,0,0,0.267,
23362,5,1,25.5579,0,20,3,6.771,4.91,15.6,0,0,-0.047,
23364,5,1,26.3449,0,7,10,26.321,4.8,3.41,0,0,-0.164,
23416,5,1,58.134,1,43,49,23.93,3.03,1.6,0,0,0.537,
23453,5,2,28.6801,1,41,4,33.202,3.69,4.14,0,0,1.154,
23497,5,3,5.7041,1,21,35,24.222,4.62,20.01,0,0,0.155,
23522,5,3,25.0973,1,60,26,32.213,4.03,3.27,0,0,0.921,
23595,5,4,24.3118,0,35,28,58.334,4.55,17.63,0,0,1.177,
23607,5,4,34.1384,1,15,24,15.05,4.65,8.15,0,0,-0.064,
23685,5,5,27.6521,0,22,22,15.084,3.19,14.39,0,0,1.46,
23693,5,5,30.6904,0,57,28,22.761,4.71,85.83,0,0,0.526,
23767,5,6,30.869,1,41,14,4.707,3.18,14.87,0,0,-0.148,
23783,5,6,40.6583,1,51,35,53.315,4.98,38.14,0,0,0.343,
23835,5,7,26.6761,1,18,38,42.026,4.91,63.02,0,0,0.657,
23875,5,7,51.034,0,5,5,10.546,2.78,36.71,0,0,0.161,
23972,5,9,8.783,0,8,45,14.674,4.25,1.86,0,0,-0.187,
24010,5,9,41.9594,1,15,35,50.178,4.81,10.24,0,0,0.313,
24244,5,12,17.8874,0,11,52,8.914,4.45,13.53,0,0,-0.099,
24305,5,12,55.8731,0,16,12,19.544,3.29,17.69,0,0,-0.11,
24327,5,13,13.885,0,12,56,28.638,4.36,5.83,0,0,-0.094,
24331,5,13,17.4796,1,2,51,40.512,4.46,9.49,0,0,1.166,
24340,5,13,25.7316,1,38,29,4.826,4.82,20.08,0,0,0.189,
24372,5,13,45.4269,0,67,11,7.259,4.81,5.97,0,0,1.274,
24436,5,14,32.2712,0,8,12,5.901,0.18,4.22,0,0,-0.03,
24608,5,16,41.2956,1,45,59,56.505,0.08,77.29,0,0,0.795,
24659,5,17,29.0234,0,34,53,39.803,4.81,29.63,0,0,0.987,
24674,5,17,36.3989,0,6,50,39.79,3.59,5.88,0,0,-0.115,
24727,5,18,10.5481,1,33,22,19.215,4.54,13.92,0,0,1.252,
24813,5,19,8.0784,1,40,6,2.402,4.69,79.08,0,0,0.63,
24822,5,19,16.5898,1,22,5,48.088,4.96,15.83,0,0,0.937,
24845,5,19,34.526,0,13,10,36.397,4.29,3.03,0,0,-0.235,
24927,5,20,26.9117,0,21,14,23.062,4.7,7.11,0,0,-0.048,
25044,5,21,45.7477,0,0,22,56.889,4.72,2.53,0,0,-0.168,
25142,5,22,50.0013,1,3,32,40.013,4.99,3.39,0,0,-0.096,
25247,5,23,56.8364,0,7,48,28.64,4.13,18.71,0,0,0.943,
25281,5,24,28.6171,0,2,23,49.698,3.35,3.62,0,0,-0.24,
25302,5,24,44.8265,1,1,50,47.206,4.89,2.94,0,0,-0.2,
25336,5,25,7.8682,1,6,20,59.044,1.64,13.42,0,0,-0.224,
25428,5,26,17.4979,1,28,36,28.344,1.65,24.89,0,0,-0.13,
25473,5,26,50.2282,1,3,5,44.438,4.59,2.3,0,0,-0.199,
25539,5,27,38.084,1,21,56,13.136,4.88,4.69,0,0,-0.14,
25606,5,28,14.7263,0,20,45,33.236,2.81,20.49,0,0,0.807,
25737,5,29,43.9816,0,1,5,31.832,4.71,7.15,0,0,1.592,
25813,5,30,47.0479,1,5,56,53.585,4.2,11.3,0,0,-0.143,
25859,5,31,12.7355,0,35,28,13.569,3.86,11.77,0,0,1.13,
25923,5,31,55.8603,0,7,18,5.495,4.62,2.11,0,0,-0.261,
25930,5,32,0.3997,0,0,17,56.736,2.25,3.56,0,0,-0.175,
25945,5,32,12.7512,1,18,35,39.283,4.32,1.7,0,0,2.06,
25984,5,32,43.6742,1,32,11,31.313,4.71,0.8,0,0,0.281,
25985,5,32,43.8139,0,17,49,20.252,2.58,2.54,0,0,0.211,
26069,5,33,37.5164,0,62,29,23.481,3.76,3.14,0,0,0.64,
26176,5,34,49.2378,1,9,29,22.507,4.39,3.31,0,0,-0.157,
26199,5,35,2.6812,0,6,0,7.303,4.78,1.75,0,0,-0.248,
26207,5,35,8.2777,1,9,56,2.987,3.39,3.09,0,0,-0.16,
26220,5,35,15.823,0,5,23,14.335,4.98,-1.85,0,0,0,
26235,5,35,22.8998,0,5,24,57.828,4.98,1.72,0,0,-0.097,
26237,5,35,23.1617,0,4,50,18.026,4.58,4.15,0,0,-0.183,
26241,5,35,25.9811,0,5,54,35.639,2.75,2.46,0,0,-0.21,
26311,5,36,12.8126,0,1,12,6.902,1.69,2.43,0,0,-0.184,
26366,5,36,54.3307,1,9,17,29.083,4.09,28.1,0,0,0.951,
26451,5,37,38.6843,1,21,8,33.335,2.97,7.82,0,0,-0.148,
26549,5,38,44.7653,0,2,36,0.244,3.77,2.84,0,0,-0.19,
26563,5,38,53.0918,0,7,12,45.75,4.77,21.24,0,0,0.139,
26594,5,39,11.1459,1,4,7,17.28,4.5,2.01,0,0,-0.098,
26634,5,39,38.9399,0,34,4,26.578,2.65,12.16,0,0,-0.12,
26727,5,40,45.5248,0,1,56,33.282,1.74,3.99,0,0,-0.199,
26736,5,40,50.7158,0,1,7,43.628,4.95,1.56,0,0,-0.197,
26777,5,41,17.7154,1,16,32,3.059,4.84,4.36,0,0,-0.125,
26885,5,42,28.6644,1,1,28,28.794,4.9,10.8,0,0,1.144,
27072,5,44,27.975,0,22,26,50.952,3.59,111.49,0,0,0.481,
27100,5,44,46.4191,0,65,44,7.947,4.34,22.48,0,0,0.217,
27288,5,46,57.3497,0,14,49,19.01,3.55,46.47,0,0,0.104,
27321,5,47,17.0833,0,51,4,0.168,3.85,51.87,0,0,0.171,
27366,5,47,45.3879,0,9,40,10.567,2.07,4.52,0,0,-0.168,
27468,5,49,0.9595,1,24,34,3.197,4.88,6.25,0,0,1.021,
27483,5,49,10.4595,1,39,10,52.08,4.51,15.34,0,0,0.949,
27511,5,49,32.9435,1,12,39,4.917,4.89,12,0,0,-0.068,
27530,5,49,49.5768,0,56,9,59.359,4.5,18.78,0,0,1.075,
27628,5,50,57.5528,0,35,46,9.452,3.12,37.94,0,0,1.146,
27639,5,51,2.4103,1,37,18,20.454,4.72,6.86,0,0,1.621,
27654,5,51,19.1528,0,20,52,39.05,3.76,29.05,0,0,0.984,
27673,5,51,29.3926,1,39,8,54.526,3.97,15.17,0,0,1.132,
27750,5,52,26.4428,1,1,51,18.568,4.76,2.93,0,0,1.382,
27810,5,53,6.8844,0,33,48,5.182,4.88,9.55,0,0,-0.154,
27830,5,53,19.6436,1,27,36,44.227,4.56,7.45,0,0,-0.008,
27890,5,54,5.9001,0,63,5,27.675,4.65,36.67,0,0,1.022,
27913,5,54,23.0839,1,20,16,35.094,4.39,115.43,0,0,0.594,
27949,5,54,50.7859,1,55,42,24.858,4.96,13.54,0,0,0.052,
27989,5,55,10.2892,1,7,24,25.331,0.45,7.63,0,0,1.5,
28010,5,55,29.8904,0,37,7,14.194,4.97,9.93,0,0,1.102,
28103,5,56,24.3183,0,14,10,4.937,3.71,66.47,0,0,0.337,
28199,5,57,32.2119,0,35,16,59.905,4.36,3.82,0,0,-0.165,
28237,5,57,59.6577,1,25,57,14.097,4.81,1.55,0,0,-0.088,
28328,5,59,8.7905,0,42,48,54.387,3.96,6.14,0,0,1.146,
28358,5,59,31.5503,1,54,17,5.935,3.72,23.22,0,0,1.01,
28360,5,59,31.7694,1,44,56,50.766,1.9,39.72,0,0,0.077,
28380,5,59,43.2382,1,37,12,45.951,2.65,18.83,0,0,-0.083,
28404,5,59,56.1014,1,45,56,12.312,4.3,3.88,0,0,1.701,
28413,6,0,3.3454,0,3,4,26.677,4.53,7.77,0,0,1.202,
28574,6,1,50.4258,0,10,35,52.581,4.92,3.33,0,0,-0.128,
28614,6,2,22.9904,1,9,38,50.523,4.12,21.49,0,0,0.17,
28716,6,3,55.1836,1,20,8,18.451,4.64,0.1,0,0,0.236,
28734,6,4,7.2165,1,23,15,49.075,4.16,21.64,0,0,0.835,
28816,6,4,59.1326,0,16,29,3.938,4.92,3.05,0,0,0.196,
28910,6,6,9.334,0,14,56,7.031,4.67,19.14,0,0,0.046,
29038,6,7,34.3219,1,14,46,6.683,4.42,6.1,0,0,-0.164,
29276,6,10,17.9131,0,54,58,7.178,4.72,1.97,0,0,-0.229,
29426,6,11,56.3968,1,14,12,31.731,4.45,5.14,0,0,-0.18,
29434,6,12,3.2761,1,16,7,49.609,4.95,4.21,0,0,-0.149,
29651,6,14,51.3365,0,6,16,29.019,3.99,5.06,0,0,1.319,
29655,6,14,52.6967,1,22,30,24.566,3.31,9.34,0,0,1.6,
29696,6,15,22.7366,1,29,29,55.364,4.32,19.31,0,0,1.021,
29807,6,16,33.1354,0,35,8,26.634,4.37,17.83,0,0,0.978,
29997,6,18,50.7798,1,69,19,12.123,4.76,18.55,0,0,0.025,
30060,6,19,37.3908,1,59,0,39.259,4.44,21.88,0,0,0.032,
30093,6,19,59.6044,0,2,56,40.165,4.91,6.44,0,0,1.613,
30122,6,20,18.7872,0,30,3,48.156,3.02,9.7,0,0,-0.16,
30277,6,22,6.8452,0,33,26,10.581,3.85,13.75,0,0,0.858,
30324,6,22,41.9874,0,17,57,21.3,1.98,6.53,0,0,-0.24,
30343,6,22,57.5911,1,22,30,49.861,2.87,14.07,0,0,1.621,
30419,6,23,46.0977,1,4,35,34.22,4.39,25.39,0,0,0.215,
30438,6,23,57.0906,0,52,41,44.585,-0.62,10.43,0,0,0.164,
30520,6,24,53.902,1,49,17,16.437,4.92,0.85,0,0,1.905,
30788,6,28,10.2175,0,32,34,48.466,4.47,8.03,0,0,-0.169,
30867,6,28,49.0741,0,7,1,58.982,3.76,4.72,0,0,-0.113,
30883,6,28,57.7905,1,20,12,43.802,4.13,6.49,0,0,-0.115,
31125,6,31,51.3682,0,23,25,6.374,4.34,1.59,0,0,-0.245,
31216,6,32,54.2296,1,7,19,58.725,4.47,2.16,0,0,0.023,
31407,6,34,58.5874,0,52,58,32.284,4.35,1.85,0,0,-0.021,
31416,6,35,3.3799,0,22,57,53.399,4.54,7.92,0,0,-0.035,
31592,6,36,40.9989,0,19,15,20.553,3.95,50.41,0,0,1.037,
31681,6,37,42.7023,1,16,23,57.893,1.93,31.12,0,0,0.001,
31685,6,37,45.6717,0,43,11,45.326,3.17,7.71,0,0,-0.103,
31700,6,37,53.4259,0,18,14,14.846,4.42,7.03,0,0,1.137,
31827,6,39,16.7164,0,14,8,44.688,4.82,2.07,0,0,1.459,
31832,6,39,19.827,1,42,29,20.444,4.8,7.54,0,0,1.236,
31978,6,40,58.661,1,9,53,44.737,4.66,3.19,0,0,-0.233,
32246,6,43,55.9298,1,25,7,52.159,3.06,3.61,0,0,1.377,
32249,6,43,59.2941,1,13,13,41.315,4.49,11.82,0,0,1.167,
32349,6,45,9.2499,0,16,42,47.315,-1.44,379.21,0,0,0.009,
32362,6,45,17.4336,1,12,53,45.798,3.35,57.02,0,0,0.443,
32438,6,46,14.1527,1,59,26,30.088,4.86,14.26,0,0,0.084,
32533,6,47,19.8443,1,8,2,14.218,4.77,6.73,0,0,1.396,
32578,6,47,51.6568,1,2,24,43.881,4.48,8.74,0,0,1.099,
32607,6,48,11.5371,0,61,56,31.128,3.24,32.96,0,0,0.225,
32759,6,49,50.4655,0,32,30,30.555,3.5,4.13,0,0,-0.116,
32761,6,49,51.3161,0,53,37,20.972,4.41,5.9,0,0,0.899,
32768,6,49,56.1368,0,50,36,51.839,2.94,17.85,0,0,1.207,
32844,6,50,45.9632,1,41,46,53.636,4.99,8.95,0,0,1.256,
32855,6,50,52.3493,0,34,22,2.354,4.99,3.6,0,0,1.379,
33018,6,52,47.3401,1,33,57,40.931,3.6,16.59,0,0,0.102,
33092,6,53,32.9106,0,20,13,27.349,4.82,2.02,0,0,-0.212,
33152,6,54,7.9548,0,24,11,3.203,3.89,1.65,0,0,1.74,
33160,6,54,11.4807,0,12,2,18.934,4.08,12.94,0,0,1.418,
33202,6,54,38.5939,1,13,10,40.859,4.73,35.79,0,0,0.321,
33302,6,55,37.399,0,20,8,11.737,4.66,34.21,0,0,0.374,
33347,6,56,8.2263,0,17,3,15.288,4.36,1.06,0,0,-0.063,
33357,6,56,15.9891,0,48,43,16.192,4.94,3.07,0,0,1.668,
33449,6,57,16.5985,1,58,25,23.015,4.35,19.14,0,0,0.85,
33485,6,57,37.125,1,45,5,38.767,4.9,14.49,0,0,0.027,
33579,6,58,37.5467,0,28,58,19.522,1.5,7.57,0,0,-0.211,
33694,7,0,3.848,1,76,58,38.789,4.55,17.43,0,0,1.365,
33856,7,1,43.1517,0,27,56,5.43,3.49,2.68,0,0,1.729,
33971,7,2,54.7795,0,4,14,21.257,4.99,2.92,0,0,-0.195,
33977,7,3,1.4736,0,23,49,59.885,3.02,1.27,0,0,-0.077,
34045,7,3,45.4932,0,15,37,59.732,4.11,8.11,0,0,-0.112,
34059,7,3,53.656,0,49,35,3.327,4.92,16.98,0,0,0.14,
34088,7,4,6.5354,1,20,34,13.078,4.01,2.79,0,0,0.899,
34444,7,8,23.486,0,26,23,35.548,1.83,1.82,0,0,0.671,
34481,7,8,44.8245,0,70,29,57.1,3.78,23.02,0,0,1.006,
34495,7,8,51.0764,0,39,39,20.425,4.83,4.34,0,0,-0.179,
34622,7,10,13.6819,0,4,14,15.488,4.91,15.45,0,0,1.02,
34693,7,11,8.3916,1,30,14,43.01,4.41,10.81,0,0,1.261,
34752,7,11,39.2924,1,39,19,13.957,4.91,7.02,0,0,1.451,
34769,7,11,51.8604,0,0,29,34.01,4.15,8.7,0,0,-0.005,
34834,7,12,33.7409,0,46,45,34.432,4.49,47.22,0,0,0.324,
34899,7,13,13.3711,0,45,10,57.089,4.87,17.97,0,0,-0.003,
34922,7,13,32.2309,0,44,38,25.906,4.42,16.46,0,0,1.331,
34981,7,14,15.2164,0,26,21,9.058,4.42,2.07,0,0,-0.17,
35020,7,14,38.1445,0,48,16,18.942,4.75,9.2,0,0,-0.091,
35037,7,14,48.6616,0,26,46,21.67,4.01,3.53,0,0,-0.15,
35205,7,16,35.0014,0,27,52,52.583,4.66,7.2,0,0,1.589,
35210,7,16,36.8369,0,23,18,56.166,4.83,0.52,0,0,1.601,
35228,7,16,49.8308,0,67,57,25.821,3.97,4.94,0,0,0.76,
35264,7,17,8.5642,0,37,5,50.953,2.71,2.98,0,0,1.616,
35350,7,18,5.6068,1,16,32,25.711,3.58,34.59,0,0,0.106,
35363,7,18,18.4009,0,36,44,2.28,4.65,3.85,0,0,-0.099,
35412,7,18,40.3808,0,24,33,31.347,4.88,1.09,0,0,-0.16,
35415,7,18,42.4879,0,24,57,15.784,4.37,1.02,0,0,-0.132,
35550,7,20,7.3893,1,21,58,56.422,3.5,55.45,0,0,0.374,
35727,7,22,13.53,0,19,0,59.704,4.94,6.31,0,0,-0.039,
35904,7,24,5.705,0,29,18,11.231,2.45,1.02,0,0,-0.083,
36041,7,25,38.8987,1,9,16,34.026,4.99,3.3,0,0,0.991,
36046,7,25,43.6761,1,27,47,53.828,3.78,25.9,0,0,1.024,
36145,7,26,42.8609,1,49,12,41.922,4.61,13.11,0,0,-0.001,
36188,7,27,9.0723,1,8,17,21.872,2.89,19.16,0,0,-0.097,
36284,7,28,9.8295,1,8,55,31.814,4.33,8.2,0,0,1.425,
36366,7,29,6.6097,1,31,47,2.686,4.16,54.06,0,0,0.32,
36377,7,29,13.8783,0,43,18,6.809,3.25,17.74,0,0,1.509,
36425,7,29,47.7821,1,12,0,23.8,4.55,5.82,0,0,1.276,
36431,7,29,51.4141,0,23,1,27.477,4.85,1.01,0,0,0.243,
36514,7,30,42.6101,0,30,57,44.219,4.65,1.86,0,0,0.904,
36547,7,31,4.4802,1,82,24,41.647,4.92,6.89,0,0,1.633,
36773,7,33,47.9679,0,14,31,26.044,4.82,0.97,0,0,1.362,
36795,7,34,3.206,0,22,17,46.251,4.44,38.91,0,0,0.521,
36850,7,34,36.0046,1,31,53,19.091,1.58,63.27,0,0,0.034,
36917,7,35,22.9372,0,28,22,9.401,4.65,14.5,0,0,-0.111,
36942,7,35,39.7002,0,52,32,1.709,4.93,8.28,0,0,1.373,
36962,7,35,55.3723,1,26,53,45.612,4.06,13.57,0,0,1.54,
37096,7,37,22.12,0,34,58,6.854,4.53,9.1,0,0,-0.081,
37173,7,38,18.0474,0,25,21,53.237,4.69,5.92,0,0,-0.1,
37229,7,38,49.8813,0,26,48,14.013,3.8,7.18,0,0,-0.159,
37265,7,39,9.9564,1,34,35,4.678,4.89,20.62,0,0,0.413,
37279,7,39,18.5381,1,5,13,39.028,0.4,285.93,0,0,0.432,
37297,7,39,27.354,0,38,18,29.017,4.84,5.68,0,0,-0.189,
37379,7,40,23.212,0,15,15,49.867,4.98,4.82,0,0,1.543,
37447,7,41,14.8767,0,9,33,3.899,3.94,22.61,0,0,1.022,
37504,7,41,49.196,0,72,36,22.087,3.93,24.36,0,0,1.033,
37609,7,43,0.4577,1,58,42,37.753,4.93,13.75,0,0,0.104,
37629,7,43,18.6853,1,28,53,2.658,4.23,26.68,0,0,1.118,
37648,7,43,32.3956,0,28,24,39.446,4.63,3.34,0,0,1.632,
37677,7,43,48.4721,0,28,57,17.407,3.94,-0.37,0,0,0.16,
37740,7,44,26.8686,1,24,23,53.265,3.57,22.73,0,0,0.932,
37819,7,45,15.3039,0,37,58,6.955,3.62,2.35,0,0,1.706,
37826,7,45,19.3638,1,28,1,34.717,1.16,96.74,0,0,0.991,
37908,7,46,7.4937,1,18,30,36.608,4.89,9.55,0,0,1.425,
38070,7,48,5.1749,0,25,56,13.85,4.4,1.32,0,0,-0.07,
38089,7,48,20.2477,0,47,4,39.115,4.69,14.36,0,0,1.039,
38164,7,49,14.299,0,46,22,23.618,4.1,1.66,0,0,-0.16,
38170,7,49,17.6587,0,24,51,35.222,3.34,2.42,0,0,1.218,
38414,7,52,13.0455,0,40,34,32.876,3.71,9.46,0,0,1.012,
38455,7,52,38.6533,0,38,51,46.159,4.49,5.09,0,0,-0.188,
38500,7,53,3.6424,0,49,36,47.086,4.63,4.53,0,0,-0.228,
38518,7,53,18.1629,0,48,6,10.614,4.22,1.68,0,0,-0.13,
38538,7,53,29.8365,1,26,45,57.091,4.97,12.82,0,0,0.098,
38827,7,56,46.7417,0,52,58,56.642,3.46,8.43,0,0,-0.177,
38835,7,56,51.5583,0,22,52,48.535,4.2,6.49,0,0,0.718,
38901,7,57,40.1118,0,30,20,4.513,4.76,2.26,0,0,0.151,
38957,7,58,14.4439,0,49,14,41.743,4.47,2.8,0,0,-0.18,
39079,7,59,44.1847,0,3,40,46.482,4.93,13.06,0,0,1.205,
39095,7,59,52.0552,0,18,23,56.913,4.61,13.69,0,0,0.087,
39138,8,0,19.9692,0,63,34,3.01,4.81,6.02,0,0,-0.173,
39211,8,1,13.2964,0,1,23,32.727,4.69,6.9,0,0,1.475,
39311,8,2,15.9533,1,2,20,3.531,4.39,12.49,0,0,1.252,
39424,8,3,31.0992,1,27,47,39.905,4.94,12.66,0,0,1.13,
39429,8,3,35.0701,0,40,0,11.478,2.21,2.33,0,0,-0.269,
39757,8,7,32.7022,0,24,18,15.972,2.83,51.99,0,0,0.458,
39794,8,7,55.8408,0,68,37,1.691,4.35,5.08,0,0,-0.113,
39847,8,8,27.5035,1,51,30,24.033,4.78,14.96,0,0,0.048,
39863,8,8,35.6577,0,2,59,1.595,4.36,1.76,0,0,0.97,
39903,8,9,0.8584,0,61,18,6.141,4.74,46.75,0,0,0.437,
39906,8,9,1.6434,0,19,14,42.003,4.4,6.9,0,0,-0.16,
39953,8,9,31.9553,0,47,20,11.802,1.75,3.88,0,0,-0.145,
40084,8,11,16.3213,0,12,55,37.266,4.72,17.64,0,0,0.939,
40091,8,11,21.5002,0,39,37,6.791,4.44,1.74,0,0,1.59,
40096,8,11,25.8968,0,42,59,14.24,4.73,0.7,0,0,0.164,
40167,8,12,12.7088,1,17,38,53.295,4.67,39.11,0,0,0.531,
40259,8,13,19.975,0,15,47,17.572,4.99,2.65,0,0,1.066,
40274,8,13,29.5224,0,35,53,58.352,4.78,3.33,0,0,-0.11,
40326,8,14,2.8871,0,40,20,51.829,4.42,10.5,0,0,1.17,
40526,8,16,30.9482,1,9,11,8.387,3.53,11.23,0,0,1.481,
40702,8,18,31.2668,0,76,55,11.937,4.05,51.4,0,0,0.413,
40706,8,18,33.3932,0,36,39,34.318,4.44,35.06,0,0,0.222,
40888,8,20,38.8879,0,77,29,4.475,4.34,21.22,0,0,1.161,
40945,8,21,23.0343,0,33,3,15.739,4.83,3.89,0,0,1.419,
41037,8,22,30.8647,0,59,30,34.338,1.86,5.16,0,0,1.196,
41039,8,22,31.6987,0,48,29,25.431,4.79,2.16,0,0,-0.146,
41075,8,22,50.1301,1,43,11,18.14,4.25,8.39,0,0,1.55,
41307,8,25,39.6709,0,3,54,22.913,3.91,26.09,0,0,-0.012,
41312,8,25,44.2462,0,66,8,11.474,3.77,30.21,0,0,1.132,
41704,8,30,16.0302,1,60,43,6.352,3.35,17.76,0,0,0.856,
42134,8,35,19.6482,0,58,0,33.461,4.84,14.21,0,0,0.981,
42312,8,37,38.6414,0,42,59,20.773,4.11,2.27,0,0,0.109,
42313,8,37,39.4074,1,5,42,13.675,4.14,18.21,0,0,0.003,
42402,8,38,45.4488,1,3,20,29.309,4.45,9.25,0,0,1.216,
42483,8,39,42.4907,0,29,33,39.103,4.86,13.83,0,0,0.9,
42509,8,40,1.5194,0,12,28,31.348,4.98,7.78,0,0,1.415,
42515,8,40,6.1365,0,35,18,29.883,3.97,8.4,0,0,0.936,
42527,8,40,12.8986,1,64,19,40.338,4.59,12.92,0,0,1.179,
42536,8,40,17.6092,0,52,55,19.101,3.6,6.59,0,0,-0.168,
42568,8,40,37.0352,0,59,45,39.653,4.31,2.31,0,0,-0.117,
42570,8,40,37.5753,0,46,38,55.518,3.77,1.05,0,0,0.67,
42624,8,41,13.1401,0,47,19,1.709,4.74,1.72,0,0,0.137,
42662,8,41,43.334,0,15,56,35.335,4.87,15.98,0,0,1.063,
42726,8,42,25.4104,0,53,6,50.546,4.83,6.8,0,0,-0.173,
42799,8,43,13.4864,1,3,23,55.195,4.3,6.99,0,0,-0.192,
42806,8,43,17.2131,1,21,28,6.946,4.66,20.58,0,0,0.01,
42828,8,43,35.5475,0,33,11,11.081,3.68,3.86,0,0,-0.18,
42835,8,43,40.3803,0,7,14,1.42,4.63,5.4,0,0,0.84,
42884,8,44,23.966,0,42,38,57.564,4.05,14.27,0,0,0.874,
42911,8,44,41.1101,1,18,9,17.51,3.94,23.97,0,0,1.083,
42913,8,44,42.1973,0,54,42,30.845,1.93,40.9,0,0,0.043,
43023,8,46,1.6547,0,46,2,29.541,3.87,2.1,0,0,0.015,
43067,8,46,22.5275,0,13,32,51.738,4.32,14.38,0,0,0.9,
43103,8,46,41.8343,1,28,45,36.018,4.03,10.94,0,0,1.007,
43105,8,46,42.5592,0,56,46,11.27,4.5,5.97,0,0,-0.169,
43109,8,46,46.6462,1,6,25,8.065,3.38,24.13,0,0,0.685,
43234,8,48,25.9808,1,5,50,16.385,4.35,9.67,0,0,-0.044,
43347,8,49,47.6483,0,45,18,28.475,4.94,3.94,0,0,0.043,
43409,8,50,32.0113,0,27,42,36.211,4.02,15.63,0,0,1.272,
43783,8,55,2.8617,0,60,38,40.963,3.84,10.45,0,0,-0.104,
43813,8,55,23.6848,1,5,56,43.9,3.11,21.64,0,0,0.978,
43825,8,55,31.5156,0,27,40,53.853,4.87,14.4,0,0,0.142,
43878,8,56,19.278,0,52,43,24.639,4.68,8.68,0,0,-0.115,
43937,8,56,58.4271,0,59,13,45.692,4.93,5.25,0,0,-0.182,
44066,8,58,29.197,1,11,51,27.979,4.26,18.79,0,0,0.141,
44127,8,59,12.8387,1,48,2,32.458,3.12,68.32,0,0,0.223,
44191,9,0,5.4401,0,41,15,13.456,4.45,16.19,0,0,0.646,
44248,9,0,38.7522,1,41,47,0.398,3.96,60.86,0,0,0.463,
44382,9,2,26.7988,0,66,23,45.037,4,26.24,0,0,0.145,
44390,9,2,32.7259,1,67,37,46.469,4.74,11.35,0,0,1.542,
44471,9,3,37.5588,1,47,9,23.974,3.57,7.71,0,0,0.007,
44511,9,4,9.3205,0,47,5,51.77,3.75,10.55,0,0,1.174,
44599,9,5,8.8303,0,72,36,9.698,4.47,7.18,0,0,0.607,
44626,9,5,38.3821,0,70,32,18.675,4.66,3.02,0,0,-0.149,
44659,9,5,58.3778,1,5,5,32.433,4.99,2.69,0,0,1.189,
44700,9,6,31.7881,1,38,27,8.101,4.56,4.81,0,0,1.037,
44816,9,7,59.7771,0,43,25,57.447,2.23,5.69,0,0,1.665,
44824,9,8,2.8572,0,25,51,30.733,4.62,6.69,0,0,1.594,
44901,9,8,52.3857,1,51,36,17.018,4.46,34.12,0,0,0.288,
45038,9,10,23.5262,1,67,8,3.26,4.8,48.87,0,0,0.489,
45075,9,10,54.9312,1,63,30,49.611,4.67,26.79,0,0,0.381,
45080,9,10,58.1053,0,58,58,0.949,3.43,7.79,0,0,-0.19,
45085,9,11,4.4026,0,44,52,4.484,4.99,-0.26,0,0,0.222,
45101,9,11,16.7679,0,62,19,1.257,3.96,6.53,0,0,-0.18,
45238,9,13,12.2408,0,69,43,2.901,1.67,29.34,0,0,0.07,
45336,9,14,21.7933,1,2,18,54.087,3.89,25.34,0,0,-0.06,
45439,9,15,36.7617,0,38,34,11.704,4.92,14.49,0,0,1.084,
45448,9,15,45.0695,0,37,24,47.255,4.63,19.69,0,0,0.473,
45493,9,16,11.2788,1,54,1,18.163,4.8,27.55,0,0,0.199,
45496,9,16,12.1024,0,57,32,29.176,4.34,6.08,0,0,1.602,
45556,9,17,5.4284,0,59,16,30.94,2.21,4.71,0,0,0.189,
45688,9,18,50.6673,1,36,48,10.431,3.82,26.75,0,0,0.066,
45751,9,19,46.3988,0,11,58,29.576,4.77,10.2,0,0,0.927,
45811,9,20,29.026,0,9,33,20.266,4.8,13.39,0,0,0.913,
45856,9,20,56.8303,0,62,24,16.679,4.79,14.65,0,0,0.926,
45860,9,21,3.4588,1,34,23,33.093,3.14,14.69,0,0,1.55,
45902,9,21,29.5988,0,25,57,55.499,4.71,6.25,0,0,1.633,
45941,9,22,6.8292,0,55,0,38.503,2.47,6.05,0,0,-0.141,
46026,9,23,12.3363,0,28,50,2.123,4.71,17.92,0,0,0.892,
46146,9,24,39.2793,1,26,10,56.787,4.47,15.28,0,0,1.222,
46371,9,27,18.2974,0,22,20,36.303,4.72,18.53,0,0,1.154,
46390,9,27,35.2518,0,8,39,31.26,1.99,18.4,0,0,1.44,
46509,9,29,8.8388,0,2,46,8.243,4.59,58.48,0,0,0.411,
46515,9,29,14.7375,0,35,57,4.852,4.51,4.66,0,0,1.408,
46651,9,30,42.113,0,40,28,0.795,3.6,53.89,0,0,0.371,
46701,9,31,13.3538,0,57,2,3.81,3.16,13.72,0,0,1.538,
46733,9,31,31.5697,1,63,3,42.464,3.65,43.2,0,0,0.36,
46750,9,31,43.2404,1,22,58,5.036,4.32,9.69,0,0,1.541,
46771,9,31,56.7923,1,11,18,0.111,4.99,13.67,0,0,1.046,
46776,9,31,58.9348,0,1,11,4.756,4.54,7.11,0,0,0.109,
46853,9,32,52.3253,1,51,40,42.967,3.17,74.15,0,0,0.475,
46952,9,34,13.377,1,36,23,51.408,4.54,18.52,0,0,0.914,
46974,9,34,26.663,0,59,13,47.165,4.08,1.65,0,0,-0.013,
46977,9,34,28.9679,1,69,49,48.555,4.54,30.89,0,0,0.781,
47006,9,34,49.4949,1,52,3,5.643,4.47,12.21,0,0,0.027,
47029,9,35,3.8525,1,39,37,17.195,4.81,14.23,0,0,0.992,
47175,9,36,49.657,0,49,21,18.463,4.34,30.35,0,0,0.173,
47193,9,37,5.3519,1,81,19,35.115,4.28,3.03,0,0,1.488,
47310,9,38,27.3851,1,4,38,57.891,4.68,11.9,0,0,1.31,
47391,9,39,21.0409,0,61,19,41.179,4.51,14.57,0,0,-0.07,
47431,9,39,51.334,0,1,8,33.566,3.9,11.83,0,0,1.313,
47508,9,41,9.1179,1,9,53,32.636,3.52,24.12,0,0,0.516,
47522,9,41,17.026,0,23,35,29.477,4.76,6.56,0,0,-0.117,
47592,9,42,14.6715,0,23,54,58.351,4.93,67.19,0,0,0.534,
47758,9,44,12.1302,0,27,46,10.426,4.78,8.49,0,0,0.516,
47854,9,45,14.8276,0,62,30,28.524,3.69,2.16,0,0,1.01,
47908,9,45,51.1024,1,23,46,27.401,2.97,13.01,0,0,0.808,
48002,9,47,6.1376,0,65,4,19.268,2.92,2.01,0,0,0.273,
48319,9,50,59.6917,1,59,2,20.776,3.78,28.35,0,0,0.291,
48356,9,51,28.6825,0,14,50,47.58,4.11,11.92,0,0,0.918,
48374,9,51,40.6884,0,46,32,51.519,4.58,3.01,0,0,1.172,
48402,9,52,6.3602,1,54,3,51.429,4.55,7.47,0,0,0.038,
48455,9,52,45.9577,1,26,0,25.506,3.88,24.52,0,0,1.222,
48559,9,54,12.4385,0,25,55,56.935,4.87,9.71,0,0,1.199,
48615,9,54,52.2371,0,19,0,33.371,4.94,4.62,0,0,1.559,
48774,9,56,51.7548,0,54,34,4.07,3.52,1.69,0,0,-0.067,
49029,10,0,12.8243,1,8,2,39.397,4.68,6.21,0,0,1.589,
49402,10,5,7.4925,0,13,3,52.828,4.6,11.77,0,0,-0.087,
49583,10,7,19.9535,1,16,45,45.597,3.48,1.53,0,0,-0.031,
49593,10,7,25.7251,1,35,14,40.89,4.49,35.78,0,0,0.19,
49637,10,7,54.3188,1,9,59,51.59,4.39,11.89,0,0,1.448,
49641,10,7,56.2956,0,0,22,17.86,4.48,11.35,0,0,-0.032,
49669,10,8,22.4594,1,11,58,1.902,1.36,42.09,0,0,-0.087,
49712,10,8,56.2537,0,51,48,40.543,4.85,3.01,0,0,-0.12,
49841,10,10,35.3971,0,12,21,13.821,3.61,28.44,0,0,1.007,
50099,10,13,44.2789,0,70,2,16.518,3.29,8.81,0,0,-0.074,
50191,10,14,44.2738,0,42,7,19.426,3.85,31.72,0,0,0.051,
50335,10,16,41.4043,1,23,25,2.382,3.43,12.56,0,0,0.307,
50371,10,17,5.0053,0,61,19,56.351,3.39,4.43,0,0,1.541,
50372,10,17,5.927,1,42,54,52.087,3.45,24.27,0,0,0.029,
50555,10,19,36.7652,0,55,1,45.532,4.59,2.19,0,0,1.6,
50564,10,19,44.3102,1,19,28,17.169,4.78,47.24,0,0,0.452,
50583,10,19,58.1617,1,19,50,30.697,2.01,25.96,0,0,1.128,
50676,10,20,54.815,0,56,2,35.606,4.5,2.34,0,0,-0.102,
50799,10,22,19.606,0,41,39,0.388,4.82,16.26,0,0,1.095,
50801,10,22,19.8033,1,41,29,57.961,3.06,13.11,0,0,1.603,
50847,10,22,58.1793,0,66,54,5.491,4.97,7.59,0,0,-0.128,
50933,10,24,7.8588,1,65,33,59.305,4.94,10.84,0,0,-0.052,
50954,10,24,23.7405,0,74,1,53.561,3.99,61.67,0,0,0.369,
51056,10,25,54.8671,1,33,47,46.549,4.72,15.76,0,0,0.26,
51069,10,26,5.505,0,16,50,9.945,3.83,13.14,0,0,1.456,
51172,10,27,9.1559,0,31,4,4.088,4.28,8.9,0,0,1.429,
51192,10,27,24.4783,0,57,38,19.729,4.65,-0.01,0,0,0.474,
51232,10,27,52.7451,0,58,44,21.871,3.81,3.13,0,0,0.317,
51233,10,27,53.0925,1,36,42,26.921,4.2,22.34,0,0,0.908,
51438,10,30,20.0751,0,71,59,33.792,4.72,12.6,0,0,0.042,
51459,10,30,37.7643,1,55,58,50.223,4.82,77.82,0,0,0.541,
51495,10,31,2.0746,0,73,13,17.432,4.94,3.38,0,0,1.677,
51523,10,31,22.2348,0,53,42,57.574,4.89,45.72,0,0,0.5,
51576,10,32,1.4838,0,61,41,7.297,3.3,6.56,0,0,-0.089,
51624,10,32,48.6751,1,9,18,23.74,3.84,0.57,0,0,-0.148,
51658,10,33,13.9972,1,40,25,31.946,4.72,29.13,0,0,0.222,
51808,10,35,5.5884,1,75,42,46.743,4.86,12.68,0,0,0.957,
51839,10,35,28.2184,0,78,36,28.13,4.11,7.89,0,0,1.58,
51849,10,35,35.3146,0,57,33,27.488,4.45,2.37,0,0,1.604,
51979,10,37,13.7988,0,27,24,45.672,4.87,6.8,0,0,1.626,
51986,10,37,18.2568,0,48,13,32.219,3.84,37.71,0,0,0.3,
52009,10,37,33.2475,0,13,23,4.023,4.89,6.18,0,0,2.8,
52085,10,38,35.0131,0,16,52,35.893,4.91,14.52,0,0,0.922,
52098,10,38,43.2126,1,31,58,34.392,4.68,6.88,0,0,0.823,
52102,10,38,45.0125,0,59,10,58.797,4.69,1.76,0,0,1.562,
52154,10,39,18.4125,0,55,36,11.805,4.29,3.62,0,0,1.025,
52370,10,42,14.144,0,64,27,59.234,4.76,7.15,0,0,-0.139,
52419,10,42,57.4267,0,64,23,40.126,2.74,7.43,0,0,-0.22,
52468,10,43,32.3077,0,60,33,59.857,4.58,3.06,0,0,1.7,
52502,10,44,6.9371,0,63,57,39.963,4.8,6.74,0,0,-0.134,
52633,10,45,47.1358,0,80,32,24.73,4.45,8.97,0,0,-0.188,
52727,10,46,46.1221,0,49,25,12.451,2.69,28.18,0,0,0.901,
52736,10,46,51.2442,0,64,23,0.589,4.87,7.26,0,0,-0.149,
52943,10,49,37.4321,0,16,11,38.875,3.11,23.54,0,0,1.232,
53229,10,53,18.6399,1,34,12,56.039,3.79,33.4,0,0,1.04,
53253,10,53,29.5662,0,58,51,11.753,3.78,33.71,0,0,0.945,
53295,10,53,58.706,1,43,11,24.055,4.66,12.22,0,0,-0.039,
53417,10,55,36.848,1,24,44,59.116,4.3,11.29,0,0,0.016,
53502,10,56,42.9963,0,37,8,14.866,4.6,16.4,0,0,1.006,
53740,10,59,46.7488,0,18,17,56.75,4.08,18.71,0,0,1.079,
53773,11,0,9.2458,0,42,13,33.131,4.37,15.99,0,0,0.116,
53807,11,0,33.6395,1,3,37,3.121,4.84,9.54,0,0,1.144,
53824,11,0,44.8323,1,6,6,5.412,4.98,21.61,0,0,0.166,
53907,11,1,49.6689,0,2,29,4.189,4.73,6.34,0,0,1.593,
53910,11,1,50.3908,1,56,22,56.441,2.34,41.07,0,0,0.033,
53954,11,2,19.7812,1,20,10,47.085,4.42,26.37,0,0,0.053,
54061,11,3,43.8369,1,61,45,4.028,1.81,26.38,0,0,1.061,
54182,11,5,1.2299,1,7,20,10.041,4.62,34.54,0,0,0.332,
54204,11,5,20.0326,0,27,17,36.944,4.92,22.98,0,0,0.369,
54301,11,6,32.4743,0,62,25,26.892,4.62,8.82,0,0,0.988,
54463,11,8,35.3956,0,58,58,30.151,3.93,0.55,0,0,1.225,
54539,11,9,39.8594,1,44,29,54.792,3,22.21,0,0,1.144,
54682,11,11,39.4863,0,22,49,32.183,4.46,12.26,0,0,0.025,
54751,11,12,36.0203,0,60,19,3.471,4.59,0.26,0,0,0.541,
54872,11,14,6.4121,1,20,31,26.522,2.56,56.52,0,0,0.128,
54879,11,14,14.4409,1,15,25,47.147,3.33,18.36,0,0,-0.003,
54951,11,15,12.2431,1,23,5,43.891,4.56,0.49,0,0,1.657,
55084,11,16,39.7641,0,3,39,5.451,4.45,16.69,0,0,0.21,
55203,11,18,11.24,1,31,31,50.8,3.79,0,0,0,0.606,
55219,11,18,28.7553,1,33,5,39.26,3.49,7.74,0,0,1.4,
55266,11,19,7.9434,1,38,11,8.6,4.76,17.82,0,0,0.113,
55282,11,19,20.5226,0,14,46,44.557,3.56,16.75,0,0,1.112,
55425,11,21,0.4422,0,54,29,27.65,3.9,10.15,0,0,-0.157,
55434,11,21,8.2482,1,6,1,45.67,4.05,15.24,0,0,-0.058,
55560,11,22,49.6138,1,43,28,57.852,4.99,6.63,0,0,0.998,
55642,11,23,55.3688,1,10,31,46.912,4,41.26,0,0,0.423,
55687,11,24,36.6054,0,10,51,33.778,4.81,8.95,0,0,1.556,
55705,11,24,52.9832,0,17,41,2.463,4.06,38.9,0,0,0.216,
55945,11,27,56.2299,1,2,51,22.647,4.95,5.25,0,0,1,
56127,11,30,18.8818,0,3,0,12.452,4.77,5.4,0,0,1.529,
56211,11,31,24.2885,1,69,19,52.038,3.82,9.76,0,0,1.613,
56280,11,32,16.4175,0,29,15,40.945,4.93,37.44,0,0,0.54,
56343,11,33,0.259,0,31,51,27.087,3.54,25.23,0,0,0.947,
56480,11,34,45.7119,0,54,15,50.874,4.62,7.04,0,0,-0.077,
56561,11,35,46.9283,0,63,1,11.37,3.11,7.96,0,0,-0.044,
56633,11,36,40.9485,0,9,48,8.113,4.7,10.7,0,0,-0.073,
56647,11,36,56.9299,0,0,49,25.875,4.3,18.31,0,0,0.983,
56922,11,40,12.8204,0,34,44,40.759,4.7,6.59,0,0,-0.07,
56986,11,40,53.6527,0,62,5,24.374,4.93,4.47,0,0,1.111,
57283,11,44,45.7589,0,18,21,2.213,4.71,9.31,0,0,0.958,
57328,11,45,17.0048,1,8,15,29.429,4.84,27.29,0,0,0.174,
57363,11,45,36.5673,0,66,43,43.836,3.63,25.42,0,0,0.16,
57380,11,45,51.5706,1,6,31,47.33,4.04,10.42,0,0,1.501,
57399,11,46,3.1341,1,47,46,45.613,3.69,16.64,0,0,1.181,
57439,11,46,30.849,0,61,10,42.093,4.11,7.51,0,0,0.895,
57443,11,46,32.247,0,40,30,4.804,4.89,108.23,0,0,0.664,
57565,11,47,59.2264,1,20,13,8.188,4.5,14.4,0,0,0.547,
57581,11,48,14.4894,0,66,48,53.535,4.75,7.55,0,0,1.522,
57632,11,49,3.8783,1,14,34,20.413,2.14,90.16,0,0,0.09,
57669,11,49,41.088,0,63,47,18.561,4.3,7.1,0,0,-0.149,
57696,11,49,56.6271,0,70,13,32.829,4.98,2.24,0,0,1.36,
57757,11,50,41.2861,1,1,45,55.357,3.59,91.74,0,0,0.518,
57803,11,51,8.7516,0,45,10,24.418,4.47,7.03,0,0,1.283,
57851,11,51,51.2729,0,65,12,21.22,4.89,9.64,0,0,-0.123,
57936,11,52,54.5613,0,33,54,29.269,4.29,8.93,0,0,-0.1,
58001,11,53,49.7413,1,53,41,41.039,2.41,38.99,0,0,0.044,
58484,11,59,37.6913,0,78,13,18.546,4.88,8.95,0,0,-0.054,
58590,12,0,52.3903,1,6,36,51.821,4.65,9.16,0,0,0.122,
58758,12,3,1.6991,0,63,18,46.602,4.32,14.19,0,0,0.28,
58867,12,4,19.2377,0,63,9,56.559,4.72,4.33,0,0,-0.081,
58948,12,5,12.6696,1,8,43,58.244,4.12,19.08,0,0,0.967,
59072,12,6,52.8529,0,64,36,49.1,4.14,50.79,0,0,0.353,
59173,12,8,5.2563,0,50,39,40.516,4.46,8.68,0,0,-0.163,
59196,12,8,21.5436,0,50,43,20.676,2.58,8.25,0,0,-0.128,
59199,12,8,24.7527,0,24,43,43.608,4.02,67.71,0,0,0.334,
59316,12,10,7.5259,0,22,37,11.252,3.02,10.75,0,0,1.326,
59449,12,11,39.1514,0,52,22,6.296,3.97,9.53,0,0,-0.156,
59747,12,15,8.757,0,58,44,56.046,2.79,8.96,0,0,-0.193,
59774,12,15,25.4491,1,57,1,57.353,3.32,40.05,0,0,0.077,
59803,12,15,48.4678,0,17,32,31.141,2.58,19.78,0,0,-0.107,
59847,12,16,20.5552,1,23,56,43.524,4.93,13.12,0,0,0.957,
59856,12,16,30.1748,1,33,3,42.475,4.99,10.65,0,0,1.14,
59929,12,17,34.6363,0,67,57,38.418,4.06,10.8,0,0,1.603,
60000,12,18,20.9439,0,79,18,44.168,4.24,12.05,0,0,-0.123,
60009,12,18,26.2927,0,64,0,10.964,4.06,9.03,0,0,-0.168,
60129,12,19,54.3914,0,0,40,0.29,3.89,13.06,0,0,0.026,
60172,12,20,21.1526,1,3,18,45.817,4.97,11.43,0,0,1.172,
60202,12,20,43.0931,1,17,47,33.551,4.72,9.04,0,0,1.01,
60260,12,21,21.8113,0,60,24,4.932,3.59,14.3,0,0,1.389,
60351,12,22,30.3192,1,25,50,46.254,4.78,11.93,0,0,0.515,
60485,12,24,1.4823,1,51,33,44.025,4.76,8.3,0,0,0.877,
60697,12,26,24.0737,1,27,16,5.746,4.92,11.92,0,0,0.277,
60710,12,26,31.7882,0,51,27,2.201,4.82,8.16,0,0,-0.141,
60718,12,26,35.9414,0,63,5,56.601,0.77,10.17,0,0,-0.243,
60742,12,26,56.3276,1,28,16,7.031,4.35,19.18,0,0,1.128,
60746,12,26,59.3041,1,26,49,32.598,4.98,11.56,0,0,0.088,
60823,12,28,2.4116,0,50,13,50.177,3.91,7.36,0,0,-0.192,
60965,12,29,51.9832,0,16,30,54.338,2.94,37.11,0,0,-0.012,
61084,12,31,9.9293,0,57,6,45.249,1.59,37.09,0,0,1.6,
61174,12,32,4.4848,0,16,11,45.116,4.3,54.92,0,0,0.388,
61199,12,32,28.111,0,72,7,58.713,3.84,10.07,0,0,-0.157,
61281,12,33,29.0425,1,69,47,17.556,3.85,6.55,0,0,-0.116,
61317,12,33,45.0925,1,41,21,24.364,4.24,119.46,0,0,0.588,
61359,12,34,23.2341,0,23,23,47.843,2.65,23.34,0,0,0.893,
61384,12,34,44.0653,1,70,1,18.383,4.95,5.97,0,0,1.312,
61394,12,34,51.1178,1,22,37,45.083,4.8,8.94,0,0,0.012,
61585,12,37,11.0837,0,69,8,7.921,2.69,10.67,0,0,-0.176,
61622,12,37,42.3278,0,48,32,28.637,3.85,24.77,0,0,0.049,
61740,12,39,14.8125,0,7,59,43.816,4.66,10.24,0,0,1.24,
61789,12,39,52.5614,0,39,59,14.071,4.63,9.19,0,0,-0.082,
61932,12,41,31.205,0,48,57,35.588,2.2,25.01,0,0,-0.023,
61941,12,41,40.0021,0,1,26,58.28,2.74,84.53,0,0,0.368,
61960,12,41,53.0076,1,10,14,9.035,4.88,27.1,0,0,0.076,
61966,12,41,56.5968,0,59,41,8.919,4.91,3.15,0,0,-0.044,
62012,12,42,35.5611,0,48,48,46.926,4.66,17.31,0,0,1.075,
62268,12,45,37.9162,0,60,58,52.178,4.69,26.17,0,0,1.049,
62322,12,46,16.8696,0,68,6,29.139,3.04,10.48,0,0,-0.178,
62327,12,46,22.7495,0,56,29,19.607,4.62,8.24,0,0,-0.15,
62434,12,47,43.3189,0,59,41,19.437,1.25,9.25,0,0,-0.238,
62683,12,50,41.187,0,33,59,57.364,4.9,8.39,0,0,-0.031,
62763,12,51,41.9278,1,27,32,26.642,4.93,10.62,0,0,0.681,
62867,12,53,6.9766,0,48,56,35.711,4.33,10.77,0,0,1.344,
62886,12,53,17.7708,1,21,14,42.074,4.89,10.06,0,0,0.904,
62896,12,53,26.146,0,40,10,43.747,4.25,21.03,0,0,0.224,
62956,12,54,1.633,1,55,57,35.435,1.76,40.3,0,0,-0.022,
62985,12,54,21.1741,0,9,32,20.207,4.77,7.82,0,0,1.59,
63003,12,54,35.6576,0,57,10,40.408,4.03,8.64,0,0,-0.18,
63007,12,54,39.22,0,59,8,47.995,4.62,9.06,0,0,-0.153,
63090,12,55,36.4833,1,3,23,51.355,3.39,16.11,0,0,1.571,
63125,12,56,1.8409,1,38,19,5.686,2.89,29.6,0,0,-0.115,
63355,12,58,55.4659,1,17,24,33.698,4.76,10.91,0,0,1.568,
63462,13,0,16.4855,1,30,47,6.132,4.88,3.63,0,0,1.165,
63503,13,0,43.5858,1,56,21,58.793,4.93,40.06,0,0,0.368,
63608,13,2,10.7605,1,10,57,32.767,2.85,31.9,0,0,0.934,
63613,13,2,15.7775,0,71,32,55.675,3.61,35.91,0,0,1.19,
63724,13,3,33.3479,0,49,31,38.051,4.83,14.97,0,0,0.029,
63945,13,6,16.7304,0,48,27,47.713,4.71,7.88,0,0,-0.148,
64004,13,6,54.663,0,49,54,22.377,4.27,7.92,0,0,-0.182,
64022,13,7,10.7079,1,27,37,29.664,4.8,10.75,0,0,1.482,
64166,13,9,3.283,0,23,7,4.702,4.94,14.14,0,0,1.048,
64238,13,9,57.012,0,5,32,20.148,4.38,7.86,0,0,-0.008,
64241,13,9,59.5494,1,17,31,44.818,4.32,69.81,0,0,0.455,
64394,13,11,52.9227,1,27,52,33.736,4.23,109.23,0,0,0.572,
64408,13,12,3.4668,0,37,48,11.29,4.85,48.83,0,0,0.693,
64425,13,12,17.6293,0,59,55,13.931,4.58,9.42,0,0,-0.073,
64540,13,13,42.9815,1,40,9,10.252,4.94,6.24,0,0,1.061,
64583,13,14,15.4281,0,59,6,10.294,4.9,55.49,0,0,0.489,
64661,13,15,14.9978,0,67,53,40.428,4.79,8.04,0,0,-0.078,
64820,13,17,13.035,0,66,47,0.321,4.86,2.75,0,0,1.48,
64844,13,17,32.6371,1,40,34,21.226,4.72,11.39,0,0,0.306,
64852,13,17,36.2869,1,5,28,11.442,4.78,6.03,0,0,1.638,
64924,13,18,24.972,0,18,18,30.998,4.74,117.3,0,0,0.709,
64962,13,18,55.2534,0,23,10,17.085,2.99,24.69,0,0,0.92,
65109,13,20,36.0656,0,36,42,43.492,2.75,55.64,0,0,0.068,
65271,13,22,37.9798,0,60,59,18.082,4.52,9.2,0,0,-0.141,
65378,13,23,55.4198,1,54,55,31.495,2.23,41.73,0,0,0.057,
65387,13,24,0.4434,0,64,32,8.221,4.52,12.69,0,0,0.822,
65474,13,25,11.6046,0,11,9,40.482,0.98,12.44,0,0,-0.235,
65477,13,25,13.4156,1,54,59,16.796,3.99,40.19,0,0,0.169,
65639,13,27,27.2381,0,15,58,25.071,4.76,12.63,0,0,1.096,
65721,13,28,25.9504,1,13,46,48.676,4.97,55.22,0,0,0.714,
65936,13,31,2.6685,0,39,24,26.207,3.9,2.6,0,0,1.186,
66006,13,31,57.946,0,6,15,20.558,4.68,7.55,0,0,1.606,
66200,13,34,7.9053,1,3,39,32.49,4.92,17.79,0,0,0.029,
66234,13,34,27.3735,1,49,0,57.262,4.68,17.12,0,0,0.132,
66249,13,34,41.7547,0,0,35,45.378,3.38,44.55,0,0,0.114,
66257,13,34,47.7463,1,37,10,56.779,4.91,22.46,0,0,0.404,
66458,13,37,27.6969,1,36,17,41.427,4.82,17.01,0,0,0.239,
66657,13,39,53.2727,0,53,27,58.906,2.29,8.68,0,0,-0.171,
66738,13,40,44.2925,1,54,40,53.981,4.63,5.94,0,0,1.63,
66821,13,41,44.8148,0,54,33,33.716,4.99,12.05,0,0,-0.055,
67153,13,45,41.5666,0,33,2,36.118,4.23,51.91,0,0,0.39,
67234,13,46,39.3684,0,51,25,57.712,4.64,12.68,0,0,0.955,
67275,13,47,16.0366,1,17,27,24.388,4.5,64.12,0,0,0.508,
67301,13,47,32.5461,1,49,18,47.89,1.85,32.39,0,0,-0.099,
67457,13,49,26.7513,0,34,27,2.269,4.19,18.39,0,0,1.52,
67459,13,49,28.6979,1,15,47,52.101,4.05,13.29,0,0,1.52,
67464,13,49,30.2974,0,41,41,15.575,3.41,6.87,0,0,-0.225,
67472,13,49,37.0078,0,42,28,25.266,3.47,6.19,0,0,-0.17,
67480,13,49,42.8199,1,21,15,50.631,4.92,8.86,0,0,1.432,
67494,13,49,52.3445,0,18,8,2.674,4.96,13.48,0,0,1.059,
67627,13,51,25.9376,1,64,43,23.818,4.58,8.33,0,0,1.572,
67665,13,51,47.4895,1,34,26,39.544,4.76,5.4,0,0,1.611,
67669,13,51,49.6252,0,32,59,38.459,4.32,10.96,0,0,-0.146,
67786,13,53,12.5483,0,31,55,39.31,4.75,4.87,0,0,-0.111,
67927,13,54,41.1162,1,18,23,54.915,2.68,88.17,0,0,0.58,
68002,13,55,32.4349,0,47,17,17.759,2.55,8.48,0,0,-0.176,
68191,13,57,38.9368,0,63,41,11.818,4.71,15.61,0,0,1.075,
68245,13,58,16.2847,0,42,6,2.539,3.83,7.01,0,0,-0.224,
68282,13,58,40.7714,0,44,48,12.713,3.87,7.81,0,0,-0.208,
68520,14,1,38.7832,1,1,32,40.5,4.23,14.94,0,0,0.121,
68523,14,1,43.492,0,45,36,12.132,4.34,7.28,0,0,0.598,
68702,14,3,49.4446,0,60,22,22.722,0.61,6.21,0,0,-0.231,
68756,14,4,23.426,1,64,22,32.911,3.67,10.56,0,0,-0.049,
68862,14,6,2.786,0,41,10,46.489,4.36,7.31,0,0,-0.198,
68895,14,6,22.269,0,26,40,55.268,3.25,32.17,0,0,1.091,
68933,14,6,41.3247,0,36,22,7.305,2.06,53.52,0,0,1.011,
69112,14,8,51.009,1,77,32,50.759,4.8,6.52,0,0,1.368,
69191,14,9,54.9566,0,53,26,19.413,4.74,17.93,0,0,0.938,
69226,14,10,23.9485,1,25,5,30.563,4.82,27.27,0,0,0.541,
69269,14,10,50.4835,0,16,18,7.213,4.93,6.02,0,0,1.684,
69389,14,12,15.8304,1,2,24,34.186,4.99,12.45,0,0,-0.118,
69427,14,12,53.741,0,10,16,26.558,4.18,14.59,0,0,1.323,
69483,14,13,28.9499,1,51,47,23.966,4.53,21.03,0,0,0.233,
69673,14,15,40.3474,1,19,11,14.172,-0.05,88.85,0,0,1.239,
69701,14,16,0.8849,0,5,59,58.294,4.07,46.74,0,0,0.511,
69713,14,16,10.0695,1,51,22,1.25,4.75,33.54,0,0,0.236,
69732,14,16,23.1764,1,46,5,16.508,4.18,33.58,0,0,0.087,
69879,14,17,59.8161,1,35,30,34.095,4.8,14.63,0,0,1.057,
69896,14,18,13.9705,0,81,0,27.365,4.89,23.36,0,0,0.243,
69974,14,19,6.6019,0,13,22,16.199,4.52,17.47,0,0,0.128,
69996,14,19,24.2327,0,46,3,29.102,3.55,9.27,0,0,-0.184,
70027,14,19,45.3208,1,16,18,24.484,4.84,17.12,0,0,1.228,
70069,14,20,19.5527,0,56,23,11.325,4.3,2.75,0,0,0.082,
70090,14,20,33.4793,0,37,53,6.962,4.05,13.19,0,0,-0.03,
70104,14,20,42.551,0,45,11,12.773,4.78,21.95,0,0,0.31,
70264,14,22,37.122,0,58,27,32.97,4.76,11.56,0,0,0.795,
70300,14,23,2.2573,0,39,30,42.358,4.41,7.79,0,0,-0.185,
70306,14,23,5.9078,0,27,45,13.442,4.78,18.67,0,0,1.3,
70327,14,23,22.7401,1,8,26,47.905,4.86,15.17,0,0,0.01,
70497,14,25,12.0194,1,51,51,6.169,4.04,68.63,0,0,0.497,
70574,14,26,8.2351,0,45,13,17.004,4.56,3.15,0,0,-0.147,
70576,14,26,10.8016,0,45,22,45.339,4.33,10.38,0,0,0.434,
70638,14,26,55.7408,0,83,40,4.271,4.31,11.7,0,0,1.3,
70692,14,27,31.5225,1,75,41,45.381,4.25,9.46,0,0,1.431,
70753,14,28,10.4433,0,29,29,29.687,4.97,7.85,0,0,-0.074,
70755,14,28,12.2203,0,2,13,40.62,4.81,24.15,0,0,0.693,
71053,14,31,49.8578,1,30,22,16.122,3.57,21.92,0,0,1.298,
71075,14,32,4.7578,1,38,18,28.381,3.04,38.29,0,0,0.191,
71121,14,32,37.0835,0,50,27,25.637,4.44,5.68,0,0,-0.177,
71284,14,34,40.6905,1,29,44,41.306,4.47,64.66,0,0,0.364,
71352,14,35,30.4516,0,42,9,27.884,2.33,10.57,0,0,-0.157,
71536,14,37,53.2511,0,49,25,32.728,4.05,10.51,0,0,-0.152,
71681,14,39,39.3908,0,60,50,22.097,1.35,742.12,0,0,0.9,
71683,14,39,40.8985,0,60,50,6.529,-0.01,742.12,0,0,0.71,
71762,14,40,43.561,1,16,25,5.885,4.49,10.28,0,0,-0.002,
71795,14,41,8.9204,1,13,43,41.992,3.78,18.07,0,0,0.044,
71832,14,41,38.7565,1,8,9,42.322,4.86,5.66,0,0,0.992,
71860,14,41,55.7738,0,47,23,17.309,2.3,5.95,0,0,-0.154,
71865,14,41,57.6128,0,37,47,36.326,4.01,10.69,0,0,-0.157,
71908,14,42,30.685,0,64,58,28.45,3.18,60.97,0,0,0.256,
71957,14,43,3.5623,0,5,39,26.745,3.87,53.54,0,0,0.385,
71995,14,43,25.3719,1,26,31,40.407,4.8,3.67,0,0,1.672,
72010,14,43,39.4835,0,35,10,23.612,4.06,15.89,0,0,1.356,
72104,14,44,59.1951,0,35,11,30.554,4.92,15.76,0,0,0.013,
72105,14,44,59.2509,1,27,4,27.026,2.35,15.55,0,0,0.966,
72125,14,45,14.4972,1,16,57,51.851,4.6,14.48,0,0,0.972,
72220,14,46,14.9918,1,1,53,34.578,3.73,25.35,0,0,-0.005,
72370,14,47,51.7262,0,79,2,40.965,3.83,7.93,0,0,1.433,
72571,14,50,17.4667,0,27,57,36.789,4.42,10.68,0,0,1.366,
72607,14,50,42.3954,1,74,9,19.713,2.07,25.79,0,0,1.465,
72622,14,50,52.7773,0,16,2,29.798,2.75,42.25,0,0,0.147,
72631,14,51,1.0201,0,2,17,55.86,4.93,15.09,0,0,0.988,
72659,14,51,23.2842,1,19,6,2.28,4.54,149.26,0,0,0.72,
72683,14,51,38.3233,0,43,34,31.058,4.32,8,0,0,-0.154,
73165,14,57,11.0568,0,4,20,45.911,4.47,35.83,0,0,0.318,
73199,14,57,35.1191,1,65,55,56.573,4.63,8.2,0,0,1.59,
73273,14,58,31.9541,0,43,8,1.921,2.68,6.23,0,0,-0.184,
73334,14,59,9.699,0,42,6,14.911,3.13,6.05,0,0,-0.208,
73473,15,0,58.3877,0,8,31,8.166,4.91,10.72,0,0,0,
73555,15,1,56.7931,1,40,23,26.292,3.49,14.91,0,0,0.956,
73568,15,2,6.5121,1,25,0,29.723,4.8,9.07,0,0,1.506,
73620,15,2,54.07,1,2,5,28.577,4.39,17.78,0,0,1.026,
73695,15,3,47.6818,1,47,39,14.451,4.83,78.39,0,0,0.647,
73714,15,4,4.2619,0,25,16,54.682,3.25,11.17,0,0,1.674,
73745,15,4,26.8571,1,26,56,51.575,4.52,13.04,0,0,1.24,
73807,15,5,7.1057,0,47,3,4.298,3.91,6.56,0,0,-0.144,
73996,15,7,17.9471,1,24,52,10.535,4.93,50.7,0,0,0.429,
74117,15,8,50.6296,0,45,16,47.259,4.07,8.02,0,0,-0.162,
74376,15,11,56.161,0,48,44,15.728,3.88,17.89,0,0,-0.029,
74392,15,12,13.3122,0,19,47,29.873,4.54,8.66,0,0,-0.071,
74395,15,12,17.2032,0,52,5,56.669,3.41,28.06,0,0,0.918,
74449,15,12,49.6047,0,44,30,1.295,4.83,7.18,0,0,-0.177,
74604,15,14,37.3259,0,31,31,8.852,4.91,2.86,0,0,0.374,
74666,15,15,30.1038,1,33,18,54.368,3.46,27.94,0,0,0.961,
74785,15,17,0.4718,0,9,22,58.321,2.61,20.38,0,0,-0.071,
74824,15,17,30.9602,0,58,48,3.164,4.07,33.75,0,0,0.088,
74837,15,17,38.8878,0,63,36,37.752,4.85,8.74,0,0,1.26,
74857,15,17,49.8449,0,30,8,55.184,4.35,10.59,0,0,1.1,
74911,15,18,32.0486,0,47,52,30.691,4.27,11.22,0,0,-0.086,
74946,15,18,54.6888,0,68,40,46.082,2.87,17.85,0,0,0.014,
75097,15,20,43.7492,1,71,50,2.303,3,6.79,0,0,0.058,
75141,15,21,22.3364,0,40,38,50.854,3.22,6.39,0,0,-0.227,
75177,15,21,48.4365,0,36,15,40.202,3.57,9.99,0,0,1.534,
75206,15,22,8.3941,0,47,55,38.891,4.99,29.27,0,0,0.515,
75264,15,22,40.8875,0,44,41,22.463,3.37,6.47,0,0,-0.191,
75304,15,23,9.3633,0,36,51,30.371,4.54,5.38,0,0,-0.155,
75312,15,23,12.2263,1,30,17,17.668,4.99,53.7,0,0,0.577,
75323,15,23,22.6578,0,59,19,14.514,4.48,6.4,0,0,0.169,
75379,15,24,11.9301,0,10,19,18.821,4.92,30.9,0,0,0.453,
75411,15,24,29.5362,1,37,22,37.059,4.31,26.96,0,0,0.309,
75458,15,24,55.7841,1,58,57,57.685,3.29,31.92,0,0,1.166,
75501,15,25,20.2524,0,38,44,0.917,4.6,8.72,0,0,0,
75695,15,27,49.8519,1,29,6,19.77,3.66,28.6,0,0,0.319,
76041,15,31,46.9923,1,40,53,57.728,4.98,7.59,0,0,0.086,
76127,15,32,55.7959,1,31,21,32.959,4.14,10.49,0,0,-0.127,
76219,15,34,10.5197,0,10,3,50.255,4.61,34.54,0,0,1,
76267,15,34,41.1895,1,26,42,53.677,2.22,43.65,0,0,0.032,
76276,15,34,48.1902,1,10,32,19.893,3.8,15.54,0,0,0.268,
76297,15,35,8.4604,0,41,10,0.102,2.8,5.75,0,0,-0.216,
76333,15,35,31.5394,0,14,47,22.393,3.91,21.42,0,0,1.007,
76371,15,35,53.265,0,44,57,30.013,4.55,7.51,0,0,-0.175,
76440,15,36,43.1869,0,66,19,0.857,4.11,15.09,0,0,1.161,
76470,15,37,1.4586,0,28,8,6.256,3.6,16.76,0,0,1.361,
76552,15,38,3.3223,0,42,34,2.946,4.34,14.19,0,0,1.412,
76600,15,38,39.3844,0,29,46,39.682,3.66,7.33,0,0,-0.177,
76669,15,39,22.6838,1,36,38,8.979,4.64,6.89,0,0,-0.103,
76705,15,39,45.9749,0,34,24,42.814,4.66,13.32,0,0,0.964,
76742,15,40,16.9053,0,23,49,5.01,4.97,8.55,0,0,1.302,
76829,15,41,11.5157,0,44,39,38.013,4.64,57.09,0,0,0.413,
76852,15,41,33.0923,1,19,40,13.82,4.51,16.97,0,0,0.062,
76880,15,41,56.8187,0,19,40,42.868,4.75,8.16,0,0,1.574,
76945,15,42,41.0371,0,34,42,37.2,4.75,8.24,0,0,-0.151,
76952,15,42,44.6382,1,26,17,43.851,3.81,22.48,0,0,0.02,
77055,15,44,3.4639,1,77,47,40.196,4.29,8.68,0,0,0.038,
77070,15,44,15.9958,1,6,25,31.871,2.63,44.54,0,0,1.167,
77233,15,46,11.2149,1,15,25,18.934,3.65,21.31,0,0,0.073,
77257,15,46,26.7459,1,7,21,11.663,4.42,85.08,0,0,0.604,
77450,15,48,44.4086,1,18,8,30.405,4.09,9.36,0,0,1.616,
77512,15,49,35.698,1,26,4,6.778,4.59,19.71,0,0,0.794,
77516,15,49,37.2657,0,3,25,48.508,3.54,20.94,0,0,-0.036,
77622,15,50,48.8912,1,4,28,39.287,3.71,46.39,0,0,0.147,
77634,15,50,57.5418,0,33,37,37.578,3.97,15.86,0,0,-0.045,
77635,15,50,58.7536,0,25,45,4.446,4.63,6.25,0,0,-0.072,
77655,15,51,13.9374,1,35,39,29.615,4.79,32.13,0,0,0.996,
77661,15,51,15.9431,1,20,58,40.352,4.74,8.26,0,0,1.534,
77760,15,52,40.1944,1,42,26,59.957,4.6,63.08,0,0,0.563,
77840,15,53,36.7284,0,25,19,37.489,4.59,7.52,0,0,-0.073,
77853,15,53,49.4771,0,16,43,46.64,4.13,20.02,0,0,1.003,
77952,15,55,8.808,0,63,25,47.099,2.83,81.24,0,0,0.315,
78072,15,56,26.9942,1,15,39,53.04,3.85,89.92,0,0,0.478,
78104,15,56,53.0867,0,29,12,50.444,3.87,7.97,0,0,-0.199,
78159,15,57,35.3019,1,26,52,40.895,4.14,14.2,0,0,1.231,
78180,15,57,47.5929,1,54,44,58.213,4.96,29.57,0,0,0.269,
78207,15,58,11.3763,0,14,16,45.544,4.95,6.36,0,0,-0.08,
78265,15,58,51.1207,0,26,6,50.554,2.89,7.1,0,0,-0.18,
78323,15,59,30.2958,0,41,44,39.826,4.99,8.59,0,0,0.988,
78384,16,0,7.3405,0,38,23,47.907,3.42,6.61,0,0,-0.206,
78401,16,0,20.0117,0,22,37,17.833,2.29,8.12,0,0,-0.117,
78493,16,1,26.5906,1,29,51,3.882,4.98,9.29,0,0,-0.05,
78527,16,1,53.7037,1,58,33,51.975,4.01,47.79,0,0,0.528,
78554,16,2,17.6891,1,22,48,15.824,4.82,18.42,0,0,0.066,
78592,16,2,47.8511,1,46,2,12.674,4.72,8.68,0,0,-0.094,
78639,16,3,12.8602,0,49,13,46.995,4.65,14.97,0,0,0.902,
78650,16,3,20.667,0,25,51,54.536,4.96,15.39,0,0,1.234,
78655,16,3,24.2026,0,38,36,8.896,4.9,6.19,0,0,-0.146,
78662,16,3,32.221,0,57,46,29.545,4.63,23.26,0,0,0.252,
78727,16,4,21.63,0,11,22,24.8,4.16,0,0,0,0.46,
78820,16,5,26.2349,0,19,48,19.414,2.56,6.15,0,0,-0.065,
78821,16,5,26.5752,0,19,48,6.631,4.9,2.88,0,0,-0.024,
78914,16,6,29.4236,0,45,10,23.791,4.73,26.41,0,0,0.23,
78918,16,6,35.5563,0,36,48,7.967,4.22,7.94,0,0,-0.184,
78933,16,6,48.4325,0,20,40,8.885,3.93,7.7,0,0,-0.046,
78990,16,7,24.3001,0,20,52,7.155,4.31,12.32,0,0,0.831,
79101,16,8,46.1993,1,44,56,5.348,4.23,14.27,0,0,-0.045,
79119,16,8,58.3286,1,36,29,24.394,4.73,28.84,0,0,1.015,
79374,16,11,59.7405,0,19,27,38.329,4,7.47,0,0,0.076,
79375,16,12,0.0016,0,10,3,51.067,4.93,19.79,0,0,0.087,
79404,16,12,18.2117,0,27,55,34.736,4.58,6.97,0,0,-0.172,
79509,16,13,28.7343,0,54,37,49.486,4.95,7.45,0,0,1.017,
79593,16,14,20.7662,0,3,41,38.312,2.73,19.16,0,0,1.584,
79664,16,15,26.2661,0,63,41,8.336,3.86,5.25,0,0,1.105,
79790,16,17,0.9355,0,50,4,5.204,4.97,2.27,0,0,0.788,
79822,16,17,30.501,1,75,45,16.934,4.95,33.52,0,0,0.393,
79881,16,18,17.9209,0,28,36,49.594,4.8,23.23,0,0,0.008,
79882,16,18,19.2408,0,4,41,33.389,3.23,30.34,0,0,0.966,
79992,16,19,44.4479,1,46,18,47.775,3.91,10.37,0,0,-0.151,
80000,16,19,50.5676,0,50,9,19.365,4.01,25.58,0,0,1.08,
80047,16,20,20.8351,0,78,41,44.362,4.68,4.26,0,0,1.68,
80079,16,20,38.1834,0,24,10,9.423,4.55,2.77,0,0,0.758,
80112,16,21,11.3225,0,25,35,33.909,2.9,4.44,0,0,0.299,
80170,16,21,55.2437,1,19,9,10.879,3.74,16.69,0,0,0.299,
80179,16,22,4.44,1,1,1,44.12,4.82,36.56,0,0,0.338,
80181,16,22,5.8901,1,30,53,30.243,4.86,17.76,0,0,0.97,
80331,16,23,59.5069,1,61,30,50.671,2.73,37.18,0,0,0.91,
80343,16,24,6.1973,0,20,2,13.961,4.48,18.32,0,0,0.996,
80463,16,25,24.9296,1,14,2,0.295,4.57,13.87,0,0,0.002,
80473,16,25,35.1211,0,23,26,49.624,4.57,8.27,0,0,0.227,
80569,16,27,1.4383,0,18,27,22.309,4.22,6.67,0,0,0.217,
80582,16,27,11.0478,0,47,33,17.049,4.46,8.16,0,0,-0.07,
80628,16,27,48.227,0,8,22,18.122,4.62,26.67,0,0,0.185,
80650,16,27,59.0532,1,68,46,4.998,4.94,6.64,0,0,-0.051,
80686,16,28,27.8012,0,70,5,4.812,4.9,82.61,0,0,0.555,
80704,16,28,38.5249,1,41,52,54.086,4.83,9.03,0,0,1.289,
80763,16,29,24.4675,0,26,25,55.006,1.06,5.4,0,0,1.865,
80815,16,30,12.4779,0,25,6,54.574,4.79,8.3,0,0,-0.116,
80816,16,30,13.2617,1,21,29,22.735,2.78,22.07,0,0,0.947,
80883,16,30,54.8412,1,1,59,2.762,3.82,19.63,0,0,0.022,
80894,16,31,8.3949,0,16,36,45.505,4.29,15.53,0,0,0.924,
80911,16,31,22.9415,0,34,42,15.555,4.24,4.37,0,0,-0.168,
80975,16,32,8.1866,0,21,27,59.32,4.45,18.66,0,0,0.13,
81008,16,32,36.3983,1,11,29,17.642,4.84,10.29,0,0,1.495,
81065,16,33,27.4642,0,78,53,49.053,3.86,20.44,0,0,0.923,
81122,16,34,5.0203,0,44,2,43.111,4.86,0.7,0,0,0.045,
81126,16,34,6.1893,1,42,26,12.824,4.2,10.79,0,0,-0.013,
81266,16,35,52.9594,0,28,12,57.462,2.82,7.59,0,0,-0.206,
81304,16,36,22.4609,0,35,15,19.28,4.18,9.63,0,0,1.535,
81377,16,37,9.53,0,10,34,1.746,2.54,7.12,0,0,0.038,
81497,16,38,44.888,1,48,55,41.799,4.86,8.67,0,0,1.562,
81660,16,40,55.1194,1,64,35,20.708,4.84,4.79,0,0,1.212,
81693,16,41,17.4771,1,31,36,6.793,2.81,92.63,0,0,0.65,
81724,16,41,34.3963,0,17,44,31.793,4.91,8.34,0,0,1.095,
81833,16,42,53.7386,1,38,55,20.86,3.48,29.11,0,0,0.916,
81852,16,43,5.4196,0,77,30,59.659,4.23,20.69,0,0,1.06,
82020,16,45,17.7897,1,56,46,54.074,4.84,37.41,0,0,0.375,
82080,16,45,58.1615,1,82,2,14.103,4.21,9.41,0,0,0.897,
82273,16,48,39.8658,0,69,1,39.486,1.91,7.85,0,0,1.447,
82321,16,49,14.1993,1,45,59,0.412,4.82,18.62,0,0,0.087,
82363,16,49,47.1114,0,59,2,28.739,3.77,10.41,0,0,1.562,
82369,16,49,49.9731,0,10,46,58.082,4.64,27.04,0,0,0.478,
82396,16,50,10.245,0,34,17,33.395,2.29,49.85,0,0,1.144,
82514,16,51,52.2389,0,38,2,50.378,3,3.97,0,0,-0.2,
82545,16,52,20.1535,0,38,1,2.92,3.56,6.31,0,0,-0.21,
82671,16,53,59.7273,0,42,21,43.271,4.7,-1.13,0,0,0.444,
82673,16,54,0.5034,1,10,9,55.596,4.39,13.95,0,0,-0.088,
82729,16,54,35.1052,0,42,21,38.733,3.62,21.67,0,0,1.393,
82860,16,56,1.3595,1,65,8,4.819,4.88,66.28,0,0,0.481,
83000,16,57,40.2706,1,9,22,30.203,3.19,37.99,0,0,1.16,
83081,16,58,37.2308,0,55,59,24.198,3.12,5.68,0,0,1.552,
83153,16,59,35.0467,0,53,9,37.764,4.06,10.72,0,0,1.452,
83207,17,0,17.4062,1,30,55,34.821,3.92,20.04,0,0,-0.018,
83262,17,1,3.6255,0,4,13,20.835,4.82,8.11,0,0,1.483,
83430,17,3,7.856,1,14,5,31.561,4.97,7.97,0,0,1.6,
83574,17,4,49.3511,0,34,7,22.521,4.83,1.22,0,0,0.257,
83608,17,5,20.1823,1,54,28,11.507,4.91,37.08,0,0,0.471,
83613,17,5,22.6602,1,12,44,27.077,4.89,22.68,0,0,0.125,
83895,17,8,47.2251,1,65,42,52.692,3.17,9.6,0,0,-0.12,
84012,17,10,22.6624,0,15,43,30.531,2.43,38.77,0,0,0.059,
84143,17,12,9.1759,0,43,14,18.565,3.32,45.56,0,0,0.441,
84345,17,14,38.8624,1,14,23,24.911,2.78,8.53,0,0,1.164,
84379,17,15,1.9242,1,24,50,22.515,3.12,41.55,0,0,0.08,
84380,17,15,2.8543,1,36,48,32.959,3.16,8.89,0,0,1.437,
84405,17,15,21.2873,0,26,36,0.176,4.33,167.08,0,0,0.855,
84514,17,16,36.7056,0,0,26,42.511,4.72,14.97,0,0,1.119,
84573,17,17,19.5705,1,33,6,0.411,4.8,3.77,0,0,-0.166,
84606,17,17,40.2859,1,37,17,28.836,4.64,18.34,0,0,0.043,
84880,17,20,49.6356,0,12,50,48.775,4.32,16.86,0,0,0.037,
84893,17,21,0.2103,0,21,6,44.766,4.39,57.48,0,0,0.394,
84969,17,21,59.5348,0,67,46,14.339,4.76,10.46,0,0,1.194,
84970,17,22,0.5841,0,24,59,58.157,3.27,5.79,0,0,-0.186,
85112,17,23,40.9729,1,37,8,45.326,4.15,8.12,0,0,-0.011,
85258,17,25,17.9972,0,55,31,47.366,2.84,5.41,0,0,1.479,
85267,17,25,23.6599,0,56,22,39.678,3.31,2.87,0,0,-0.15,
85340,17,26,22.2174,0,24,10,30.084,4.16,38.96,0,0,0.283,
85355,17,26,30.8796,1,4,8,25.233,4.34,2.78,0,0,1.48,
85365,17,26,37.9351,0,5,5,11.371,4.53,33.28,0,0,0.385,
85423,17,27,21.264,0,29,52,0.118,4.28,29.26,0,0,0.402,
85670,17,30,25.9769,1,52,18,4.892,2.79,9.02,0,0,0.954,
85693,17,30,44.298,1,26,6,38.176,4.41,8.88,0,0,1.434,
85696,17,30,45.8388,0,37,17,44.665,2.7,6.29,0,0,-0.179,
85727,17,31,5.9769,0,60,41,0.984,3.6,17.42,0,0,-0.104,
85755,17,31,24.9509,0,23,57,45.289,4.78,7.65,0,0,0.016,
85792,17,31,50.5216,0,49,52,33.534,2.84,13.46,0,0,-0.136,
85819,17,32,10.418,1,55,11,2.799,4.89,32.96,0,0,0.251,
85822,17,32,12.8972,1,86,35,10.785,4.35,17.85,0,0,0.021,
85829,17,32,15.879,1,55,10,22.104,4.86,32.64,0,0,0.279,
85927,17,33,36.5265,0,37,6,13.494,1.62,4.64,0,0,-0.231,
86032,17,34,56.0048,1,12,33,38.073,2.08,69.84,0,0,0.155,
86092,17,35,39.6113,0,46,30,20.127,4.56,8.46,0,0,-0.02,
86170,17,36,32.8468,0,38,38,5.515,4.26,22.64,0,0,1.075,
86201,17,36,57.0899,1,68,45,25.882,4.77,42.62,0,0,0.43,
86228,17,37,19.1258,0,42,59,52.158,1.86,11.99,0,0,0.406,
86263,17,37,35.2252,0,15,23,54.27,3.54,30.93,0,0,0.262,
86284,17,37,50.7198,0,8,7,7.397,4.58,5.94,0,0,0.132,
86414,17,39,27.8924,1,46,0,22.76,3.82,6.58,0,0,-0.179,
86486,17,40,23.7323,0,49,24,54.557,4.76,45.72,0,0,0.415,
86565,17,41,24.9165,0,12,52,30.622,4.24,19.41,0,0,0.086,
86614,17,41,56.307,1,72,8,58.197,4.57,45.38,0,0,0.434,
86670,17,42,29.2798,0,39,1,47.715,2.39,7.03,0,0,-0.171,
86736,17,43,25.855,0,21,40,59.108,4.86,57,0,0,0.469,
86742,17,43,28.3769,1,4,34,0.901,2.76,39.78,0,0,1.168,
86929,17,45,44.0024,0,64,43,25.444,3.61,8.79,0,0,1.161,
86974,17,46,27.7189,1,27,43,20.997,3.42,119.05,0,0,0.75,
87072,17,47,33.6271,0,27,49,50.745,4.53,3.03,0,0,0.6,
87073,17,47,35.0811,0,40,7,37.135,2.99,1.82,0,0,0.509,
87108,17,47,53.574,1,2,42,26.851,3.75,34.42,0,0,0.043,
87220,17,49,10.4733,0,31,42,11.464,4.79,5.37,0,0,-0.028,
87261,17,49,51.4512,0,37,2,36.136,3.19,25.71,0,0,1.192,
87294,17,50,11.11,0,40,5,25.542,4.78,0.88,0,0,0.259,
87585,17,53,31.6295,1,56,52,20.828,3.73,29.26,0,0,1.177,
87808,17,56,15.1785,1,37,15,1.878,3.86,4.87,0,0,1.35,
87833,17,56,36.3779,1,51,29,20.224,2.24,22.1,0,0,1.521,
87846,17,56,47.4256,0,44,20,31.915,4.85,9.39,0,0,1.176,
87933,17,57,45.8307,1,29,14,52.531,3.7,24.12,0,0,0.935,
87936,17,57,47.8065,0,41,42,58.53,4.88,5.96,0,0,1.617,
87998,17,58,30.1497,1,30,11,21.368,4.41,4.1,0,0,0.38,
88048,17,59,1.5976,0,9,46,24.059,3.32,21.35,0,0,0.987,
88116,17,59,47.5567,0,23,48,57.641,4.74,7.47,0,0,-0.03,
88128,18,0,3.4207,1,16,45,3.401,4.67,4.97,0,0,1.254,
88149,18,0,15.7976,1,4,22,7.128,4.79,4.82,0,0,-0.1,
88175,18,0,28.9204,0,3,41,24.58,4.62,43.11,0,0,0.39,
88192,18,0,38.7155,1,2,55,53.715,3.93,2.3,0,0,0.029,
88267,18,1,30.4029,1,21,35,44.477,4.26,6.93,0,0,0.406,
88290,18,1,45.1895,1,1,18,18.394,4.42,12.31,0,0,0.046,
88404,18,3,4.9107,0,8,10,48.928,4.77,19.22,0,0,0.41,
88567,18,5,1.2225,0,29,34,48.274,4.66,1.57,0,0,0.774,
88601,18,5,27.2128,1,2,30,8.781,4.03,196.62,0,0,0.86,
88635,18,5,48.5246,0,30,25,25.14,2.98,33.94,0,0,0.981,
88657,18,6,1.9087,1,22,13,8.011,4.96,5.3,0,0,1.656,
88714,18,6,37.8788,0,50,5,29.237,3.65,3.22,0,0,-0.101,
88726,18,6,49.8845,0,43,25,29.862,4.92,22.79,0,0,0.255,
88765,18,7,18.3543,1,8,44,1.657,4.64,13.71,0,0,0.951,
88771,18,7,21.0207,1,9,33,49.152,3.71,39.4,0,0,0.159,
88794,18,7,32.5508,1,28,45,44.893,3.84,9.39,0,0,-0.018,
88839,18,8,4.963,0,28,27,25.259,4.55,9.38,0,0,0.938,
88866,18,8,34.7908,0,63,40,4.974,4.33,23.55,0,0,0.228,
88886,18,8,45.4926,1,20,48,52.459,4.37,2.14,0,0,-0.164,
89112,18,11,13.7762,0,45,57,15.577,4.52,7.98,0,0,1.009,
89153,18,11,43.328,0,23,42,4.204,4.96,13.35,0,0,1.055,
89172,18,11,54.1669,1,31,24,19.038,4.96,5.42,0,0,1.643,
89341,18,13,45.8087,0,21,3,31.789,3.84,0.11,0,0,0.195,
89348,18,13,53.3585,1,64,23,49.918,4.99,42.56,0,0,0.44,
89642,18,17,37.7292,0,36,45,40.612,3.1,21.87,0,0,1.582,
89678,18,18,3.1879,0,27,2,33.484,4.66,4.66,0,0,1.629,
89826,18,19,51.7212,1,36,3,52.009,4.33,13.71,0,0,1.162,
89861,18,20,17.9036,1,21,57,41.187,4.92,7.66,0,0,1.594,
89908,18,20,45.4412,1,71,20,15.818,4.22,11.28,0,0,-0.093,
89918,18,20,52.0621,1,3,22,37.721,4.85,12.11,0,0,0.911,
89931,18,20,59.6216,0,29,49,40.941,2.72,10.67,0,0,1.38,
89937,18,21,2.339,1,72,44,1.311,3.55,124.11,0,0,0.489,
89962,18,21,18.9206,0,2,53,49.639,3.23,52.81,0,0,0.941,
90098,18,23,13.6206,0,61,29,38.058,4.35,7.76,0,0,1.462,
90135,18,23,39.5538,0,8,56,4.237,4.66,17.08,0,0,0.932,
90139,18,23,41.7668,1,21,46,13.233,3.85,25.4,0,0,1.168,
90156,18,23,54.6489,1,58,48,2.107,4.98,17.31,0,0,0.082,
90185,18,24,10.3463,0,34,23,3.533,1.79,22.55,0,0,-0.031,
90289,18,25,21.0355,0,20,32,29.793,4.81,5.46,0,0,1.31,
90344,18,25,58.9879,1,65,33,48.767,4.82,10.28,0,0,1.179,
90422,18,26,58.4303,0,45,58,5.985,3.49,13.08,0,0,-0.179,
90496,18,27,58.2695,0,25,25,16.49,2.82,42.2,0,0,1.025,
90568,18,28,49.736,0,49,4,12.111,4.1,25.6,0,0,0.995,
90595,18,29,11.8519,0,14,33,56.898,4.67,11.19,0,0,0.076,
90797,18,31,22.4265,0,62,16,41.488,4.63,6.81,0,0,-0.116,
90830,18,31,45.4361,0,45,54,53.077,4.92,4.1,0,0,-0.101,
90905,18,32,34.5223,1,57,2,44.219,4.77,1.13,0,0,0.611,
90982,18,33,30.1601,0,42,18,44.851,4.62,3.76,0,0,0.994,
91117,18,35,12.4379,0,8,14,35.909,3.85,18.72,0,0,1.317,
91262,18,36,56.186,1,38,46,58.775,0.03,128.93,0,0,-0.001,
91726,18,42,16.4221,0,9,3,9.193,4.7,17.44,0,0,0.358,
91792,18,43,2.1338,0,71,25,39.823,4.01,15.55,0,0,1.134,
91845,18,43,31.2402,0,8,16,30.875,4.88,6.24,0,0,1.112,
91918,18,44,19.3595,0,35,38,30.916,4.86,7.23,0,0,-0.168,
91919,18,44,20.3373,1,39,40,11.917,4.67,20.1,0,0,0.17,
91926,18,44,22.7758,1,39,36,45.344,4.59,20.34,0,0,0.18,
91971,18,44,46.3359,1,37,36,18.181,4.34,21.23,0,0,0.192,
92024,18,45,26.8562,0,64,52,15.232,4.78,34.21,0,0,0.199,
92041,18,45,39.353,0,26,59,26.806,3.17,14.14,0,0,-0.107,
92043,18,45,39.7312,1,20,32,49.645,4.19,52.37,0,0,0.483,
92088,18,46,4.4681,1,26,39,43.454,4.83,12.96,0,0,1.199,
92161,18,47,1.2224,1,18,10,52.427,4.34,35.17,0,0,0.148,
92175,18,47,10.4773,0,4,44,52.183,4.22,4.73,0,0,1.087,
92420,18,50,4.7939,1,33,21,45.64,3.52,3.7,0,0,0.003,
92512,18,51,12.0066,1,59,23,17.84,4.63,10.12,0,0,1.185,
92609,18,52,13.0365,0,62,11,15.218,4.22,1.8,0,0,-0.15,
92689,18,53,13.5413,1,50,42,29.84,4.92,9.67,0,0,0.903,
92761,18,54,10.1753,0,22,44,41.353,4.86,1.76,0,0,1.412,
92782,18,54,23.7663,1,71,17,49.522,4.82,9.47,0,0,1.151,
92791,18,54,30.2887,1,36,53,54.979,4.22,3.63,0,0,1.575,
92818,18,54,44.8812,1,22,38,42.265,4.57,6.71,0,0,0.782,
92855,18,55,15.9167,0,26,17,47.739,2.05,14.54,0,0,-0.134,
92862,18,55,20.0852,1,43,56,45.213,4.08,9.33,0,0,1.397,
92946,18,56,13.1603,1,4,12,12.706,4.62,24.73,0,0,0.161,
92951,18,56,14.6129,1,4,12,7.404,4.98,22.84,0,0,0.204,
93015,18,56,57.0407,0,67,14,0.726,4.4,6,0,0,0.53,
93026,18,57,3.6341,0,5,50,46.371,4.83,15.77,0,0,1.057,
93085,18,57,43.7797,0,21,6,23.848,3.52,8.76,0,0,1.151,
93148,18,58,27.7552,0,52,56,18.987,4.85,6.14,0,0,-0.051,
93174,18,58,43.474,0,37,6,25.519,4.83,33.43,0,0,0.396,
93194,18,58,56.6246,1,32,41,22.391,3.25,5.14,0,0,-0.049,
93244,18,59,37.3892,1,15,4,6.519,4.02,21.22,0,0,1.082,
93279,19,0,0.8214,1,32,8,43.766,4.94,2.12,0,0,1.465,
93429,19,1,40.8414,0,5,44,20.466,4.02,21.95,0,0,1.079,
93506,19,2,36.7234,0,29,52,48.411,2.6,36.61,0,0,0.062,
93542,19,3,6.8326,0,42,5,41.98,4.74,17.75,0,0,-0.027,
93683,19,4,40.9338,0,21,44,28.876,3.76,23.49,0,0,1.012,
93747,19,5,24.6124,1,13,51,49.355,2.99,39.18,0,0,0.014,
93805,19,6,14.9499,0,4,52,56.404,3.43,26.05,0,0,-0.096,
93825,19,6,25.0396,0,37,3,45.926,4.23,55.89,0,0,0.523,
93864,19,6,56.4423,0,27,40,11.331,3.32,27.09,0,0,1.169,
94005,19,8,20.933,0,40,29,47.895,4.57,18.67,0,0,1.07,
94114,19,9,28.2783,0,37,54,15.262,4.11,25.15,0,0,0.042,
94141,19,9,45.8338,0,21,1,24.691,2.88,7.41,0,0,0.377,
94160,19,10,1.7524,0,39,20,26.544,4.1,6.42,0,0,1.163,
94376,19,12,33.155,1,67,39,40.741,3.07,32.54,0,0,0.99,
94481,19,13,45.4887,1,39,8,45.491,4.43,3.13,0,0,-0.15,
94643,19,15,32.3972,0,25,15,23.784,4.86,9.89,0,0,0.569,
94648,19,15,33.2937,1,73,21,18.772,4.45,21.73,0,0,1.257,
94703,19,16,13.0396,1,21,23,25.594,4.76,3.58,0,0,-0.058,
94713,19,16,22.0954,1,38,8,1.42,4.35,4.24,0,0,1.258,
94779,19,17,6.1099,1,53,22,5.378,3.8,26.48,0,0,0.95,
94820,19,17,38.0856,0,18,57,10.376,4.88,6.09,0,0,1.013,
95066,19,20,32.8382,0,5,24,57.15,4.98,21.17,0,0,0.937,
95081,19,20,40.072,1,65,42,51.949,4.6,14.52,0,0,0.033,
95168,19,21,40.3753,0,17,50,50.106,3.92,26.79,0,0,0.228,
95176,19,21,43.622,0,15,57,18.008,4.52,1.95,0,0,0.079,
95241,19,22,38.2865,0,44,27,32.076,3.96,8.62,0,0,-0.085,
95294,19,23,13.0606,0,44,47,58.732,4.27,23.52,0,0,0.35,
95347,19,23,53.1514,0,40,36,56.327,3.96,19.2,0,0,-0.105,
95372,19,24,7.5718,1,29,37,16.72,4.99,4.21,0,0,-0.12,
95501,19,25,29.7527,1,3,6,52.485,3.36,65.05,0,0,0.319,
95585,19,26,31.0897,1,0,20,18.872,4.64,0.28,0,0,0.576,
95771,19,28,42.411,1,24,39,54.593,4.44,11,0,0,1.502,
95853,19,29,42.3393,1,51,43,46.083,3.76,26.63,0,0,0.148,
95947,19,30,43.2853,1,27,57,34.901,3.05,8.46,0,0,1.088,
96052,19,31,46.321,1,34,27,10.717,4.74,5.2,0,0,-0.15,
96100,19,32,20.5865,1,69,39,55.446,4.67,173.41,0,0,0.786,
96229,19,34,5.2277,1,7,22,45.549,4.45,29.5,0,0,1.176,
96341,19,35,12.9938,0,48,5,56.798,4.88,8.19,0,0,1.096,
96441,19,36,26.5424,1,50,13,13.668,4.49,53.78,0,0,0.395,
96465,19,36,42.3891,0,24,53,0.84,4.59,17.24,0,0,-0.075,
96468,19,36,43.2765,0,1,17,11.582,4.36,10.61,0,0,-0.079,
96483,19,36,53.4486,0,7,1,38.894,4.93,2.24,0,0,-0.046,
96683,19,39,22.6043,1,30,9,11.641,4.68,13,0,0,0.971,
96757,19,40,5.7825,1,18,0,50.178,4.39,6.89,0,0,0.777,
96837,19,41,2.9337,1,17,28,34.045,4.39,6.99,0,0,1.041,
97118,19,44,16.5516,1,37,21,15.371,4.89,11.7,0,0,0.948,
97165,19,44,58.4421,1,45,7,50.491,2.86,19.07,0,0,-0.002,
97278,19,46,15.5702,1,10,36,47.767,2.72,7.08,0,0,1.507,
97290,19,46,21.8192,0,19,45,39.221,4.87,15.92,0,0,1.061,
97365,19,47,23.2652,1,18,32,3.333,3.68,7.28,0,0,1.313,
97433,19,48,10.2136,1,70,16,4.207,3.84,22.4,0,0,0.888,
97649,19,50,46.6821,1,8,52,2.586,0.76,194.44,0,0,0.221,
97679,19,51,4.0936,1,22,36,36.312,4.9,5.27,0,0,-0.153,
97804,19,52,28.3638,1,1,0,20.442,3.87,2.78,0,0,0.63,
97886,19,53,27.6808,1,24,4,46.292,4.57,9.08,0,0,-0.047,
97938,19,54,14.8218,1,8,27,41.941,4.71,15.96,0,0,1.023,
98032,19,55,15.6791,0,41,52,6.289,4.12,17.24,0,0,1.063,
98036,19,55,18.7662,1,6,24,28.56,3.71,72.95,0,0,0.855,
98055,19,55,37.8223,1,52,26,20.484,4.91,11.3,0,0,0.124,
98066,19,55,50.225,0,26,17,58.874,4.7,42.03,0,0,0.748,
98068,19,55,51.7612,1,38,29,12.134,4.95,2.71,0,0,-0.086,
98073,19,55,55.3883,1,58,50,45.671,4.98,3.55,0,0,1.584,
98110,19,56,18.3962,1,35,5,0.567,3.89,23.4,0,0,1.019,
98162,19,56,56.8249,0,27,10,11.505,4.54,2.7,0,0,1.462,
98337,19,58,45.3876,1,19,29,31.534,3.51,11.9,0,0,1.571,
98353,19,58,57.1763,0,26,11,44.979,4.84,9.58,0,0,0.882,
98412,19,59,44.1743,0,35,16,34.48,4.37,5.28,0,0,-0.15,
98495,20,0,35.3933,0,72,54,36.664,3.97,30.73,0,0,-0.032,
98543,20,1,6.0101,1,27,45,12.83,4.66,14.67,0,0,0.184,
98608,20,1,44.7223,0,59,22,32.981,4.95,7.52,0,0,1.356,
98688,20,2,39.4593,0,27,42,35.567,4.43,7.28,0,0,1.64,
98702,20,2,49.0472,1,67,52,24.415,4.51,8.02,0,0,1.313,
98761,20,3,33.4114,0,37,56,25.768,4.77,8.05,0,0,1.417,
98842,20,4,19.563,0,32,3,22.57,4.99,10.05,0,0,1.208,
99120,20,7,23.1686,0,52,52,50.915,4.93,2.6,0,0,1.591,
99240,20,8,41.8601,0,66,10,45.556,3.55,163.73,0,0,0.751,
99255,20,8,53.3164,1,77,42,40.902,4.38,9.97,0,0,-0.046,
99303,20,9,25.6167,1,36,50,22.524,4.93,3.79,0,0,-0.139,
99473,20,11,18.2648,0,0,49,17.312,3.24,11.36,0,0,-0.066,
99639,20,13,18.042,1,46,48,56.413,4.8,4.55,0,0,0.1,
99655,20,13,23.8011,1,56,34,3.08,4.28,21.41,0,0,0.114,
99675,20,13,37.9027,1,46,44,28.767,3.8,2.41,0,0,1.27,
99742,20,14,16.5856,1,15,11,50.884,4.94,21.24,0,0,0.072,
99770,20,14,31.9825,1,36,48,22.087,4.93,24.37,0,0,0.151,
99824,20,15,15.8909,1,25,35,31.089,4.79,2.72,0,0,-0.181,
99848,20,15,28.3182,1,47,42,51.139,3.96,2.94,0,0,1.451,
99874,20,15,46.1574,1,27,48,51.223,4.5,9.94,0,0,1.258,
100027,20,17,38.8561,0,12,30,29.571,4.3,4.75,0,0,0.928,
100044,20,17,47.2044,1,38,1,58.61,4.77,0.52,0,0,0.377,
100064,20,18,3.2185,0,12,32,41.492,3.58,30.01,0,0,0.883,
100310,20,20,39.8067,0,12,45,32.559,4.77,11.98,0,0,-0.047,
100345,20,21,0.6464,0,14,46,53.044,3.05,9.48,0,0,0.79,
100453,20,22,13.7,1,40,15,24.053,2.23,2.14,0,0,0.673,
100587,20,23,51.596,1,32,11,24.67,4.43,12.77,0,0,1.331,
100751,20,25,38.8496,0,56,44,5.571,1.94,17.8,0,0,-0.118,
101027,20,28,51.6237,0,17,48,49.206,4.77,33.04,0,0,0.386,
101076,20,29,23.731,1,30,22,6.804,4.01,4.3,0,0,0.404,
101093,20,29,34.8273,1,62,59,38.894,4.21,24.04,0,0,0.199,
101101,20,29,38.9587,0,2,53,7.715,4.91,17.08,0,0,1.16,
101138,20,30,3.5318,1,48,57,5.581,4.94,3.75,0,0,-0.087,
101421,20,33,12.7648,1,11,18,11.996,4.03,9.09,0,0,-0.123,
101474,20,33,54.1882,1,35,15,3.113,4.61,3.51,0,0,1.593,
101589,20,35,18.5082,1,14,40,27.065,4.64,14.36,0,0,0.12,
101612,20,35,34.7682,0,60,34,52.673,4.75,36.27,0,0,0.291,
101692,20,36,43.627,0,2,32,59.705,4.91,1.48,0,0,1.606,
101769,20,37,32.8698,1,14,35,42.73,3.64,33.49,0,0,0.425,
101772,20,37,33.9897,0,47,17,29.985,3.11,32.21,0,0,0.998,
101773,20,37,35.2397,0,61,31,47.079,4.86,16.73,0,0,0.447,
101847,20,38,20.2735,0,1,6,18.286,4.31,8.5,0,0,0.949,
101867,20,38,31.2924,1,21,12,4.247,4.81,15.27,0,0,-0.03,
101958,20,39,38.2545,1,15,54,43.39,3.77,13.55,0,0,-0.057,
102098,20,41,25.9134,1,45,16,49.203,1.25,1.01,0,0,0.092,
102281,20,43,27.5457,1,15,4,28.856,4.43,16.03,0,0,0.302,
102333,20,44,2.1867,0,51,55,15.026,4.51,41.38,0,0,0.278,
102388,20,44,52.5232,1,25,16,15.774,4.92,8.94,0,0,1.183,
102395,20,44,57.5557,0,66,12,11.658,3.42,23.71,0,0,0.163,
102422,20,45,17.2686,1,61,50,12.459,3.41,69.73,0,0,0.912,
102431,20,45,21.1966,1,57,34,49.073,4.52,36.87,0,0,0.535,
102453,20,45,39.7591,1,30,43,10.764,4.22,15.84,0,0,1.051,
102485,20,46,5.7661,0,25,16,13.861,4.13,68.16,0,0,0.426,
102488,20,46,12.4322,1,33,58,10.032,2.48,45.26,0,0,1.021,
102532,20,46,39.518,1,16,7,29.184,4.27,32.14,0,0,1.042,
102571,20,47,10.7244,1,34,22,26.772,4.93,8.18,0,0,1.294,
102589,20,47,24.527,1,36,29,26.652,4.53,3.71,0,0,-0.083,
102618,20,47,40.5326,0,9,29,44.484,3.78,14.21,0,0,0,
102624,20,47,44.2379,0,5,1,39.371,4.43,7.33,0,0,1.639,
102724,20,48,56.2934,1,46,6,50.907,4.81,1.45,0,0,0.571,
102790,20,49,28.9292,0,46,13,36.813,4.9,8.06,0,0,1.494,
102831,20,49,58.0795,0,33,46,46.824,4.89,8.57,0,0,1.004,
102978,20,51,49.2962,0,26,55,8.855,4.12,5.19,0,0,1.633,
103004,20,52,7.7256,1,27,5,49.66,4.56,15.06,0,0,0.835,
103045,20,52,39.2058,0,8,58,59.656,4.73,21.01,0,0,0.325,
103089,20,53,14.7453,1,44,23,14.159,4.8,6.51,0,0,-0.134,
103227,20,54,48.5796,0,58,27,14.741,3.67,5.41,0,0,1.25,
103413,20,57,10.4116,1,41,10,1.898,3.94,9.17,0,0,0.027,
103632,20,59,49.5503,1,47,31,15.402,4.74,2.9,0,0,-0.084,
103738,21,1,17.4617,0,32,15,27.961,4.67,14.59,0,0,0.89,
104019,21,4,24.3246,0,19,51,17.752,4.82,20.64,0,0,0.169,
104060,21,4,55.8558,1,43,55,40.264,3.72,2.77,0,0,1.609,
104139,21,5,56.7794,0,17,13,57.759,4.08,20.61,0,0,-0.01,
104194,21,6,36.0881,1,47,38,54.261,4.56,3.32,0,0,1.569,
104234,21,7,7.6854,0,25,0,20.693,4.49,6.24,0,0,1.604,
104459,21,9,35.5928,0,11,22,17.957,4.5,19.93,0,0,0.926,
104521,21,10,20.4711,1,10,7,55.015,4.7,28.38,0,0,0.262,
104732,21,12,56.1815,1,30,13,37.493,3.21,21.62,0,0,0.99,
104858,21,14,28.7901,1,10,0,27.787,4.47,54.11,0,0,0.529,
104887,21,14,47.3466,1,38,2,39.554,3.74,47.8,0,0,0.393,
104987,21,15,49.3967,1,5,14,53.066,3.92,17.51,0,0,0.549,
105102,21,17,24.9525,1,39,23,40.885,4.22,0.72,0,0,0.098,
105138,21,17,55.0679,1,34,53,48.772,4.41,3.62,0,0,-0.103,
105140,21,17,56.2466,0,32,10,20.948,4.71,19.76,0,0,0.07,
105199,21,18,34.5816,1,62,35,7.639,2.45,66.84,0,0,0.257,
105319,21,19,51.8838,0,53,26,57.352,4.39,33.58,0,0,0.191,
105382,21,20,45.5836,0,40,48,34.231,4.8,17.49,0,0,0.029,
105502,21,22,5.1339,1,19,48,15.681,4.08,21.19,0,0,1.108,
105515,21,22,14.7774,0,16,50,4.399,4.28,15.13,0,0,0.888,
105858,21,26,26.4921,0,65,22,5.32,4.21,108.5,0,0,0.494,
105881,21,26,40.0277,0,22,24,40.962,3.77,8.19,0,0,1.002,
106032,21,28,39.575,1,70,33,38.501,3.23,5.48,0,0,-0.201,
106039,21,28,43.316,0,21,48,25.8,4.5,18.18,0,0,0.889,
106140,21,29,56.8797,1,23,38,19.785,4.52,7.37,0,0,1.618,
106278,21,31,33.5207,0,5,34,16.161,2.9,5.33,0,0,0.828,
106481,21,33,58.8729,1,45,35,31.436,3.98,26.2,0,0,0.885,
106551,21,34,46.4774,1,38,32,1.777,4.87,12.76,0,0,1.085,
106723,21,37,4.8228,0,19,27,57.649,4.51,4.92,0,0,-0.18,
106786,21,37,45.0421,0,7,51,14.912,4.68,18.26,0,0,0.175,
106801,21,37,55.2268,1,62,4,55.008,4.76,0.72,0,0,0.246,
106985,21,40,5.3422,0,16,39,44.112,3.69,23.48,0,0,0.32,
107089,21,41,28.4731,0,77,23,22.064,3.73,47.22,0,0,1.008,
107119,21,41,55.0761,1,71,18,40.273,4.55,18.55,0,0,1.108,
107136,21,42,5.6597,1,51,11,22.658,4.69,1.94,0,0,-0.119,
107188,21,42,39.4172,0,18,51,58.684,4.72,11.22,0,0,0.868,
107259,21,43,30.4549,1,58,46,48.191,4.23,0.62,0,0,2.242,
107310,21,44,8.4045,1,28,44,35.6,4.49,44.64,0,0,0.512,
107315,21,44,11.1403,1,9,52,30.028,2.38,4.85,0,0,1.52,
107348,21,44,30.6905,1,17,21,0.157,4.34,3.62,0,0,1.161,
107354,21,44,38.7042,1,25,38,42.01,4.14,28.34,0,0,0.425,
107380,21,44,56.7878,0,33,1,31.991,4.35,15.93,0,0,-0.053,
107418,21,45,26.9293,1,61,7,14.918,4.25,0.64,0,0,0.474,
107533,21,46,47.6059,1,49,18,34.469,4.23,2.82,0,0,-0.12,
107556,21,47,2.2853,0,16,7,35.637,2.85,84.58,0,0,0.18,
108085,21,53,55.6541,0,37,21,53.362,3,16.07,0,0,-0.084,
108431,21,57,55.031,0,54,59,33.24,4.4,17.65,0,0,0.297,
108870,22,3,17.4396,0,56,46,47.302,4.69,275.76,0,0,1.056,
108874,22,3,18.8296,0,2,9,19.209,4.74,8.56,0,0,-0.1,
108917,22,3,47.1619,1,64,37,39.915,4.26,32.07,0,0,0.379,
109068,22,5,40.692,1,5,3,29.824,4.86,12.38,0,0,1.443,
109074,22,5,47.0253,0,0,19,11.376,2.95,4.3,0,0,0.969,
109111,22,6,6.9036,0,39,32,34.977,4.47,13.2,0,0,1.349,
109139,22,6,26.2053,0,13,52,10.344,4.29,18.9,0,0,-0.075,
109176,22,7,0.4745,1,25,20,42.166,3.77,85.06,0,0,0.435,
109268,22,8,13.8764,0,46,57,38.217,1.73,32.16,0,0,-0.07,
109285,22,8,22.9532,0,32,59,18.234,4.5,25.01,0,0,0.054,
109289,22,8,25.9281,0,34,2,37.396,4.99,6.18,0,0,1.499,
109400,22,9,48.367,1,72,20,28.318,4.79,8.64,0,0,0.919,
109410,22,9,59.2526,1,33,10,41.763,4.28,12.96,0,0,0.471,
109422,22,10,8.4835,0,32,32,54.386,4.94,53.36,0,0,0.489,
109427,22,10,11.8198,1,6,11,52.04,3.52,33.77,0,0,0.086,
109492,22,10,51.2619,1,58,12,4.5,3.39,4.49,0,0,1.558,
109754,22,13,52.7015,1,39,42,53.601,4.5,5.79,0,0,1.385,
109857,22,15,1.679,1,57,2,36.475,4.18,38.86,0,0,0.278,
109908,22,15,36.8848,0,41,20,48.301,4.79,12.44,0,0,0.79,
109937,22,15,58.1702,1,37,44,55.445,4.14,5.2,0,0,1.447,
110003,22,16,49.9664,0,7,46,59.653,4.17,17.04,0,0,0.979,
110130,22,18,30.1782,0,60,15,34.181,2.87,16.42,0,0,1.39,
110351,22,21,1.5283,1,46,32,11.633,4.55,6.4,0,0,-0.1,
110371,22,21,19.3276,1,28,19,49.857,4.78,5.37,0,0,-0.01,
110386,22,21,31.0713,1,12,12,18.621,4.82,3.36,0,0,-0.132,
110395,22,21,39.3,0,1,23,14.471,3.86,20.67,0,0,-0.057,
110538,22,23,33.6364,1,52,13,46.198,4.42,19.21,0,0,1.015,
110609,22,24,30.9957,1,49,28,35.043,4.55,1.54,0,0,0.092,
110672,22,25,16.6125,1,1,22,38.613,4.8,2.96,0,0,-0.171,
110838,22,27,19.8731,0,64,57,58.965,4.51,12.21,0,0,-0.029,
110882,22,27,51.477,1,4,41,47.079,4.78,20.39,0,0,1.039,
110960,22,28,49.8006,0,0,1,12.227,3.65,31.53,0,0,0.406,
110991,22,29,10.2479,1,58,24,54.684,4.07,3.32,0,0,0.778,
110997,22,29,16.1541,0,43,29,43.996,3.97,11.03,0,0,1.022,
111022,22,29,31.8227,1,47,42,24.822,4.34,2.8,0,0,1.679,
111043,22,29,45.4455,0,43,44,57.221,4.12,10.04,0,0,1.57,
111104,22,30,29.2616,1,43,7,24.203,4.52,2.38,0,0,-0.086,
111123,22,30,38.815,0,10,40,40.39,4.82,12.29,0,0,-0.053,
111169,22,31,17.3758,1,50,16,56.819,3.76,31.86,0,0,0.031,
111188,22,31,30.2896,0,32,20,45.701,4.29,21.99,0,0,0.011,
111310,22,33,0.0126,0,61,58,55.463,4.91,11.96,0,0,1.612,
111497,22,35,21.3289,0,0,7,2.5,4.04,17.77,0,0,-0.083,
111674,22,37,22.4658,1,51,32,43.346,4.64,18.95,0,0,0.254,
111841,22,39,15.6789,1,39,3,1.019,4.89,3.08,0,0,-0.207,
111944,22,40,30.7824,1,44,16,34.61,4.5,10.81,0,0,1.318,
111954,22,40,39.3256,0,27,2,37.013,4.18,4.38,0,0,-0.105,
112029,22,41,27.6748,1,10,49,53.008,3.41,15.64,0,0,-0.086,
112051,22,41,45.4097,1,29,18,27.681,4.8,10.7,0,0,-0.013,
112122,22,42,39.9349,0,46,53,4.437,2.07,19.17,0,0,1.61,
112158,22,43,0.1286,1,30,13,16.711,2.93,15.18,0,0,0.852,
112203,22,43,29.9687,0,41,24,50.826,4.84,14.71,0,0,1.027,
112211,22,43,35.2526,0,18,49,49.106,4.68,6.73,0,0,1.358,
112374,22,45,37.8521,0,53,30,0.587,4.84,8.27,0,0,1.18,
112405,22,46,3.7233,0,81,22,53.822,4.13,23.23,0,0,0.208,
112440,22,46,31.8424,1,23,33,56.446,3.97,8.26,0,0,1.07,
112447,22,46,41.4415,1,12,10,26.702,4.2,61.54,0,0,0.502,
112519,22,47,28.9474,1,83,9,13.376,4.77,10.06,0,0,1.257,
112623,22,48,33.1971,0,51,19,0.133,3.49,25.16,0,0,0.083,
112716,22,49,35.5098,0,13,35,33.135,4.05,8.58,0,0,1.57,
112724,22,49,40.9122,1,66,12,2.559,3.5,28.27,0,0,1.053,
112748,22,50,0.1003,1,24,36,6.065,3.51,27.95,0,0,0.933,
112917,22,52,1.9473,1,43,18,44.514,4.95,9.99,0,0,1.559,
112948,22,52,31.5579,0,32,52,31.621,4.46,14.67,0,0,-0.037,
112961,22,52,36.8645,0,7,34,46.844,3.73,8.33,0,0,1.626,
113116,22,54,24.3843,1,84,20,46.027,4.7,8.35,0,0,1.418,
113136,22,54,39.0392,0,15,49,14.736,3.27,20.44,0,0,0.066,
113186,22,55,13.6243,1,8,48,57.943,4.91,11.55,0,0,-0.003,
113246,22,55,56.892,0,32,32,22.927,4.2,19.14,0,0,0.952,
113288,22,56,25.9987,1,49,44,0.783,4.99,1.74,0,0,1.778,
113368,22,57,38.8256,0,29,37,18.613,1.17,130.08,0,0,0.145,
113638,23,0,52.8743,0,52,45,14.78,4.11,28.99,0,0,0.96,
113726,23,1,55.2465,1,42,19,33.523,3.62,4.71,0,0,-0.099,
113881,23,3,46.3334,1,28,4,56.837,2.44,16.37,0,0,1.655,
113889,23,3,52.6065,1,3,49,12.252,4.48,6.62,0,0,-0.115,
113919,23,4,10.8318,1,50,3,6.062,4.64,18.2,0,0,1.058,
113963,23,4,45.6168,1,15,12,19.324,2.49,23.36,0,0,-0.002,
114104,23,6,36.8098,1,59,25,11.153,4.84,2.95,0,0,-0.06,
114119,23,6,40.8073,0,23,44,35.22,4.48,17.32,0,0,0.892,
114131,23,6,52.7685,0,43,31,13.168,4.28,24.51,0,0,0.423,
114144,23,7,0.2558,1,9,24,34.281,4.54,10.13,0,0,1.559,
114155,23,7,6.7392,1,25,28,6.023,4.76,6.07,0,0,1.285,
114222,23,7,53.8381,1,75,23,15.293,4.41,14.83,0,0,0.802,
114341,23,9,26.7621,0,21,10,20.948,3.68,13.96,0,0,1.202,
114375,23,9,54.8769,0,22,27,27.333,4.71,6.26,0,0,0.674,
114421,23,10,21.4279,0,45,14,47.931,3.88,17.63,0,0,0.998,
114570,23,12,32.9229,1,49,24,21.51,4.53,40.82,0,0,0.302,
114724,23,14,19.3325,0,6,2,54.696,4.22,14.68,0,0,1.545,
114855,23,15,53.2769,0,9,5,15.704,4.24,21.97,0,0,1.107,
114939,23,16,50.9505,0,7,43,35.278,4.93,5.09,0,0,1.613,
114971,23,17,9.4936,1,3,16,56.083,3.7,24.92,0,0,0.916,
114996,23,17,25.812,0,58,14,9.339,3.99,45.4,0,0,0.41,
115022,23,17,44.6163,1,49,0,55.02,4.82,4.98,0,0,1.668,
115033,23,17,54.2036,0,9,10,56.964,4.41,10.13,0,0,-0.144,
115088,23,18,37.4069,1,68,6,41.105,4.75,15.48,0,0,0.836,
115102,23,18,49.4268,0,32,31,54.609,4.41,18.24,0,0,1.109,
115115,23,18,57.6509,0,9,36,38.632,4.99,13.1,0,0,-0.022,
115250,23,20,38.2232,1,23,44,25.293,4.58,19.5,0,0,0.18,
115438,23,22,58.3015,0,20,6,1.242,3.96,20.14,0,0,1.082,
115590,23,24,50.247,1,62,16,58.22,4.96,4.23,0,0,1.676,
115623,23,25,22.6614,1,23,24,14.445,4.42,18.83,0,0,0.617,
115669,23,26,2.8174,0,20,38,30.7,4.38,10.57,0,0,1.46,
115738,23,26,55.9053,1,1,15,21.015,4.95,20.12,0,0,0.036,
115830,23,27,58.1678,1,6,22,44.75,4.27,20.54,0,0,1.062,
115919,23,29,9.2603,1,12,45,37.773,4.54,18.34,0,0,0.939,
115990,23,30,1.9195,1,58,32,56.075,4.89,5.67,0,0,-0.122,
116231,23,32,58.1881,0,37,49,6.092,4.38,18.28,0,0,-0.095,
116247,23,33,16.6251,0,20,54,52.29,4.7,10.18,0,0,0.02,
116310,23,33,57.1533,1,31,19,31.159,4.97,5.95,0,0,1.383,
116389,23,35,4.5306,0,42,36,54.364,4.69,11.92,0,0,0.078,
116584,23,37,33.7077,1,46,27,33.034,3.81,38.74,0,0,0.984,
116602,23,37,50.9353,0,45,29,32.357,4.74,16.26,0,0,0.082,
116631,23,38,8.1791,1,43,16,5.074,4.29,6.49,0,0,-0.083,
116727,23,39,20.982,1,77,37,55.081,3.21,72.5,0,0,1.031,
116758,23,39,47.0368,0,14,13,19.354,4.97,24.38,0,0,0.257,
116771,23,39,56.8203,1,5,37,38.473,4.13,72.51,0,0,0.507,
116805,23,40,24.4418,1,44,20,2.32,4.15,19.22,0,0,-0.071,
116901,23,41,45.7974,0,17,48,59.52,4.82,5.07,0,0,0.822,
116928,23,42,2.8818,1,1,46,49.502,4.49,32.38,0,0,0.2,
116971,23,42,43.2849,0,14,32,41.073,4.49,21.16,0,0,-0.032,
117073,23,43,59.438,1,29,21,41.59,4.93,13.91,0,0,0.935,
117221,23,46,2.0389,1,46,25,13.047,4.97,2.49,0,0,1.086,
117245,23,46,23.5369,1,3,29,12.738,4.95,4.29,0,0,2.508,
117301,23,47,3.3867,1,58,39,6.666,4.88,18.88,0,0,1.122,
117452,23,48,55.4799,0,28,7,48.053,4.59,22.73,0,0,0.001,
117863,23,54,23.0373,1,57,29,57.806,4.51,0.28,0,0,1.19,
118131,23,57,45.5496,1,25,8,29.326,4.63,7.54,0,0,1.584,
118209,23,58,40.4106,0,3,33,20.907,4.88,14.58,0,0,0.93,
118243,23,59,0.5297,1,55,45,17.786,4.88,2.14,0,0,-0.071,
118268,23,59,18.6024,1,6,51,48.937,4.03,30.78,0,0,0.419,
118322,23,59,54.9101,0,65,34,37.48,4.49,8.71,0,0,-0.075,
